,Total Sample,,Gender,,,Irish Region,,,,,,Age,,,,,,"Question 2 - How frequently do you typically buy something that you didn’t plan to buy, when shopping in a supermarket, grocery store or off licence at Christmas time?", ,,,,,"Question 3 - To what extent are the purchase decisions you make at Christmas in a supermarket, grocery store or off licence, impacted by the advertising you see?", ,,,,,"Question 5 - Top 3 favourite Brands to buy in a supermarket, grocery store or off licence at Christmas time?", ,,,,,,,,,,,,,,,,,,,,,Question 6 - Which of the following types of media is most likely to get your attention when looking for brands to purchase at Christmas time?, ,,,,,,,,,,,Question 7 - And what other types of media are likely to get your attention when looking for brands at Christmas time? Please select all that apply. , ,,,,,,,,,,,Females,Females Dublin,No Segments
Demographics,,,Male,Female, ,Dublin,Leinster,Munster,Connacht,Ulster (ROI Only), ,18-24,25-34,35-44,45-54,55-64, ,Always,Often,Sometimes ,Rarely ,Never , ,Always ,Often ,Sometimes ,Rarely ,Never , ,Denny's,Jameson,M&S,Baileys,Coca Cola,Smirnoff,Tesco,Tayto,None,Dunnes Stores,Cadbury's,Powers,Lindt,Ballymaloe,Heineken,Other Brands,Roses,Absolut,Guinness,Quality Street,No Group, ,TV,Radio,"Print media eg newspapers, magazines, flyers","Out of Home eg billboards, posters",Tiktok,Twitter,Facebook,Instagram,General Online advertising,Email ,Other, ,TV,Radio,"Print media eg newspapers, magazines, flyers","Out of Home eg billboards, posters",Tiktok,Twitter,Facebook,Instagram,General Online advertising,Email ,Other, ,,,
,,,,,,,,,,,,,,,,,,,,,,,,,,,,,,,,,,,,,,,,,,,,,,,,,,,,,,,,,,,,,,,,,,,,,,,,,,,,,,
Gender,,,,,,,,,,,,,,,,,,,,,,,,,,,,,,,,,,,,,,,,,,,,,,,,,,,,,,,,,,,,,,,,,,,,,,,,,,,,,,
Total,1002,,490,512, ,281,276,279,113,53, ,129,225,261,211,176, ,253,384,261,87,17, ,82,269,413,180,57, ,12,105,24,306,57,53,44,93,27,28,267,11,53,18,63,106,56,16,117,38,66, ,268,63,49,45,62,18,106,188,146,46,11, ,474,304,214,216,209,106,308,358,317,186,10, ,184,144,726
,100%,,49%,51%, ,28%,28%,28%,11%,5%, ,13%,22%,26%,21%,18%, ,25%,38%,26%,9%,2%, ,8%,27%,41%,18%,6%, ,1%,7%,2%,20%,4%,3%,3%,6%,2%,2%,17%,1%,3%,1%,4%,7%,4%,1%,8%,2%,4%, ,27%,6%,5%,4%,6%,2%,11%,19%,15%,5%,1%, ,47%,30%,21%,22%,21%,11%,31%,36%,32%,19%,1%, ,18%,14%,72%
Male,490,,490,, ,137,131,136,58,28, ,61,109,129,105,86, ,102,187,140,51,10, ,44,138,185,86,37, ,9,75,5,117,30,19,23,36,15,14,90,10,13,6,51,56,19,12,88,17,0, ,141,39,26,32,26,15,47,69,64,23,8, ,217,167,103,112,97,77,138,143,148,80,7, ,0,0,490
,49%,,100%,, ,49%,47%,49%,51%,53%, ,47%,48%,49%,50%,49%, ,40%,49%,54%,59%,59%, ,54%,51%,45%,48%,65%, ,75%,71%,21%,38%,53%,36%,52%,39%,56%,50%,34%,91%,25%,33%,81%,53%,34%,75%,75%,45%,0%, ,53%,62%,53%,71%,42%,83%,44%,37%,44%,50%,73%, ,46%,55%,48%,52%,46%,73%,45%,40%,47%,43%,70%, ,0%,0%,67%
Female,512,,,512, ,144,145,143,55,25, ,68,116,132,106,90, ,151,197,121,36,7, ,38,131,228,94,20, ,3,30,19,189,27,34,21,57,12,14,177,1,40,12,12,50,37,4,29,21,0, ,127,24,23,13,36,3,59,119,82,23,3, ,257,137,111,104,112,29,170,215,169,106,3, ,184,144,236
,51%,,,100%, ,51%,53%,51%,49%,47%, ,53%,52%,51%,50%,51%, ,60%,51%,46%,41%,41%, ,46%,49%,55%,52%,35%, ,25%,29%,79%,62%,47%,64%,48%,61%,44%,50%,66%,9%,75%,67%,19%,47%,66%,25%,25%,55%,0%, ,47%,38%,47%,29%,58%,17%,56%,63%,56%,50%,27%, ,54%,45%,52%,48%,54%,27%,55%,60%,53%,57%,30%, ,100%,100%,33%
,,,,,,,,,,,,,,,,,,,,,,,,,,,,,,,,,,,,,,,,,,,,,,,,,,,,,,,,,,,,,,,,,,,,,,,,,,,,,,
Irish Region,,,,,,,,,,,,,,,,,,,,,,,,,,,,,,,,,,,,,,,,,,,,,,,,,,,,,,,,,,,,,,,,,,,,,,,,,,,,,,
Total,1002,,490,512, ,281,276,279,113,53, ,129,225,261,211,176, ,253,384,261,87,17, ,82,269,413,180,57, ,12,105,24,306,57,53,44,93,27,28,267,11,53,18,63,106,56,16,117,38,66, ,268,63,49,45,62,18,106,188,146,46,11, ,474,304,214,216,209,106,308,358,317,186,10, ,184,144,726
,100%,,49%,51%, ,28%,28%,28%,11%,5%, ,13%,22%,26%,21%,18%, ,25%,38%,26%,9%,2%, ,8%,27%,41%,18%,6%, ,1%,7%,2%,20%,4%,3%,3%,6%,2%,2%,17%,1%,3%,1%,4%,7%,4%,1%,8%,2%,4%, ,27%,6%,5%,4%,6%,2%,11%,19%,15%,5%,1%, ,47%,30%,21%,22%,21%,11%,31%,36%,32%,19%,1%, ,18%,14%,72%
Dublin,281,,137,144, ,281,,,,, ,36,64,73,59,49, ,63,116,77,19,6, ,19,71,132,40,18, ,4,28,15,93,14,11,17,24,9,13,72,0,10,3,19,28,11,1,39,7,0, ,64,22,13,19,16,5,26,51,49,13,3, ,139,75,60,78,57,25,66,110,96,57,4, ,52,144,137
,28%,,28%,28%, ,100%,,,,, ,28%,28%,28%,28%,28%, ,25%,30%,30%,22%,35%, ,23%,26%,32%,22%,32%, ,33%,27%,63%,30%,25%,21%,39%,26%,33%,46%,27%,0%,19%,17%,30%,26%,20%,6%,33%,18%,0%, ,24%,35%,27%,42%,26%,28%,25%,27%,34%,28%,27%, ,29%,25%,28%,36%,27%,24%,21%,31%,30%,31%,40%, ,28%,100%,19%
Leinster,276,,131,145, ,,276,,,, ,33,62,74,59,48, ,78,99,75,23,1, ,24,84,96,57,15, ,3,30,8,86,15,17,7,19,9,6,68,4,15,7,18,28,20,6,26,16,0, ,76,10,17,13,13,4,29,54,40,17,3, ,119,76,58,48,51,27,96,92,81,50,3, ,52,0,224
,28%,,27%,28%, ,,100%,,,, ,26%,28%,28%,28%,27%, ,31%,26%,29%,26%,6%, ,29%,31%,23%,32%,26%, ,25%,29%,33%,28%,26%,32%,16%,20%,33%,21%,25%,36%,28%,39%,29%,26%,36%,38%,22%,42%,0%, ,28%,16%,35%,29%,21%,22%,27%,29%,27%,37%,27%, ,25%,25%,27%,22%,24%,25%,31%,26%,26%,27%,30%, ,28%,0%,31%
Munster,279,,136,143, ,,,279,,, ,37,63,71,59,49, ,65,97,82,27,8, ,20,69,117,60,13, ,4,32,0,84,20,17,10,41,3,5,87,4,16,6,17,27,10,5,39,6,0, ,80,20,12,9,20,5,29,54,37,9,4, ,143,94,69,57,64,30,90,92,95,43,1, ,52,0,227
,28%,,28%,28%, ,,,100%,,, ,29%,28%,27%,28%,28%, ,26%,25%,31%,31%,47%, ,24%,26%,28%,33%,23%, ,33%,30%,0%,27%,35%,32%,23%,44%,11%,18%,33%,36%,30%,33%,27%,25%,18%,31%,33%,16%,0%, ,30%,32%,24%,20%,32%,28%,27%,29%,25%,20%,36%, ,30%,31%,32%,26%,31%,28%,29%,26%,30%,23%,10%, ,28%,0%,31%
Connacht,113,,58,55, ,,,,113,, ,16,26,29,22,20, ,32,47,20,12,2, ,12,27,50,15,9, ,0,8,1,32,5,7,7,8,4,2,19,3,8,1,4,17,11,3,11,7,0, ,34,11,4,3,7,3,17,19,10,4,1, ,50,42,21,22,25,16,38,42,27,28,1, ,21,0,92
,11%,,12%,11%, ,,,,100%,, ,12%,12%,11%,10%,11%, ,13%,12%,8%,14%,12%, ,15%,10%,12%,8%,16%, ,0%,8%,4%,10%,9%,13%,16%,9%,15%,7%,7%,27%,15%,6%,6%,16%,20%,19%,9%,18%,0%, ,13%,17%,8%,7%,11%,17%,16%,10%,7%,9%,9%, ,11%,14%,10%,10%,12%,15%,12%,12%,9%,15%,10%, ,11%,0%,13%
Ulster (ROI Only),53,,28,25, ,,,,,53, ,7,10,14,12,10, ,15,25,7,6,0, ,7,18,18,8,2, ,1,7,0,11,3,1,3,1,2,2,21,0,4,1,5,6,4,1,2,2,0, ,14,0,3,1,6,1,5,10,10,3,0, ,23,17,6,11,12,8,18,22,18,8,1, ,7,0,46
,5%,,6%,5%, ,,,,,100%, ,5%,4%,5%,6%,6%, ,6%,7%,3%,7%,0%, ,9%,7%,4%,4%,4%, ,8%,7%,0%,4%,5%,2%,7%,1%,7%,7%,8%,0%,8%,6%,8%,6%,7%,6%,2%,5%,0%, ,5%,0%,6%,2%,10%,6%,5%,5%,7%,7%,0%, ,5%,6%,3%,5%,6%,8%,6%,6%,6%,4%,10%, ,4%,0%,6%
,,,,,,,,,,,,,,,,,,,,,,,,,,,,,,,,,,,,,,,,,,,,,,,,,,,,,,,,,,,,,,,,,,,,,,,,,,,,,,
Age,,,,,,,,,,,,,,,,,,,,,,,,,,,,,,,,,,,,,,,,,,,,,,,,,,,,,,,,,,,,,,,,,,,,,,,,,,,,,,
Total,1002,,490,512, ,281,276,279,113,53, ,129,225,261,211,176, ,253,384,261,87,17, ,82,269,413,180,57, ,12,105,24,306,57,53,44,93,27,28,267,11,53,18,63,106,56,16,117,38,66, ,268,63,49,45,62,18,106,188,146,46,11, ,474,304,214,216,209,106,308,358,317,186,10, ,184,144,726
,100%,,49%,51%, ,28%,28%,28%,11%,5%, ,13%,22%,26%,21%,18%, ,25%,38%,26%,9%,2%, ,8%,27%,41%,18%,6%, ,1%,7%,2%,20%,4%,3%,3%,6%,2%,2%,17%,1%,3%,1%,4%,7%,4%,1%,8%,2%,4%, ,27%,6%,5%,4%,6%,2%,11%,19%,15%,5%,1%, ,47%,30%,21%,22%,21%,11%,31%,36%,32%,19%,1%, ,18%,14%,72%
18-24,129,,61,68, ,36,33,37,16,7, ,129,,,,, ,36,50,34,6,3, ,16,43,43,22,5, ,1,8,5,33,11,12,10,7,7,5,33,1,5,1,9,12,3,5,10,2,0, ,19,1,10,9,21,2,5,32,21,8,1, ,48,23,18,23,51,14,19,57,39,15,1, ,68,19,61
,13%,,12%,13%, ,13%,12%,13%,14%,13%, ,100%,,,,, ,14%,13%,13%,7%,18%, ,20%,16%,10%,12%,9%, ,8%,8%,21%,11%,19%,23%,23%,8%,26%,18%,12%,9%,9%,6%,14%,11%,5%,31%,9%,5%,0%, ,7%,2%,20%,20%,34%,11%,5%,17%,14%,17%,9%, ,10%,8%,8%,11%,24%,13%,6%,16%,12%,8%,10%, ,37%,13%,8%
25-34,225,,109,116, ,64,62,63,26,10, ,,225,,,, ,59,87,57,19,3, ,18,66,95,36,10, ,2,24,4,66,8,9,18,17,3,12,64,0,17,3,12,18,12,1,31,4,0, ,39,13,6,10,19,2,24,61,40,7,4, ,88,46,46,52,59,37,73,99,80,36,3, ,116,33,109
,22%,,22%,23%, ,23%,22%,23%,23%,19%, ,,100%,,,, ,23%,23%,22%,22%,18%, ,22%,25%,23%,20%,18%, ,17%,23%,17%,22%,14%,17%,41%,18%,11%,43%,24%,0%,32%,17%,19%,17%,21%,6%,26%,11%,0%, ,15%,21%,12%,22%,31%,11%,23%,32%,27%,15%,36%, ,19%,15%,21%,24%,28%,35%,24%,28%,25%,19%,30%, ,63%,23%,15%
35-44,261,,129,132, ,73,74,71,29,14, ,,,261,,, ,68,98,80,14,1, ,25,62,103,51,20, ,1,38,4,72,21,13,8,37,8,6,60,6,13,6,20,24,13,6,34,14,0, ,71,15,11,10,11,7,29,52,36,15,4, ,125,82,49,52,45,25,87,101,84,58,5, ,0,37,224
,26%,,26%,26%, ,26%,27%,25%,26%,26%, ,,,100%,,, ,27%,26%,31%,16%,6%, ,30%,23%,25%,28%,35%, ,8%,36%,17%,24%,37%,25%,18%,40%,30%,21%,22%,55%,25%,33%,32%,23%,23%,38%,29%,37%,0%, ,26%,24%,22%,22%,18%,39%,27%,28%,25%,33%,36%, ,26%,27%,23%,24%,22%,24%,28%,28%,26%,31%,50%, ,0%,26%,31%
45-54,211,,105,106, ,59,59,59,22,12, ,,,,211,, ,54,85,39,30,3, ,12,56,93,38,12, ,5,15,6,74,13,12,3,21,6,2,68,1,12,4,10,22,17,2,22,11,0, ,64,15,11,10,6,2,31,30,33,8,1, ,119,87,48,46,36,21,76,61,69,38,0, ,0,30,181
,21%,,21%,21%, ,21%,21%,21%,19%,23%, ,,,,100%,, ,21%,22%,15%,34%,18%, ,15%,21%,23%,21%,21%, ,42%,14%,25%,24%,23%,23%,7%,23%,22%,7%,25%,9%,23%,22%,16%,21%,30%,13%,19%,29%,0%, ,24%,24%,22%,22%,10%,11%,29%,16%,23%,17%,9%, ,25%,29%,22%,21%,17%,20%,25%,17%,22%,20%,0%, ,0%,21%,25%
55-64,176,,86,90, ,49,48,49,20,10, ,,,,,176, ,36,64,51,18,7, ,11,42,79,33,10, ,3,20,5,61,4,7,5,11,3,3,42,3,6,4,12,30,11,2,20,7,0, ,75,19,11,6,5,5,17,13,16,8,1, ,94,66,53,43,18,9,53,40,45,39,1, ,0,25,151
,18%,,18%,18%, ,17%,17%,18%,18%,19%, ,,,,,100%, ,14%,17%,20%,21%,41%, ,13%,16%,19%,18%,18%, ,25%,19%,21%,20%,7%,13%,11%,12%,11%,11%,16%,27%,11%,22%,19%,28%,20%,13%,17%,18%,0%, ,28%,30%,22%,13%,8%,28%,16%,7%,11%,17%,9%, ,20%,22%,25%,20%,9%,8%,17%,11%,14%,21%,10%, ,0%,17%,21%
,,,,,,,,,,,,,,,,,,,,,,,,,,,,,,,,,,,,,,,,,,,,,,,,,,,,,,,,,,,,,,,,,,,,,,,,,,,,,,
Questions,,,,,,,,,,,,,,,,,,,,,,,,,,,,,,,,,,,,,,,,,,,,,,,,,,,,,,,,,,,,,,,,,,,,,,,,,,,,,,
,,,,,,,,,,,,,,,,,,,,,,,,,,,,,,,,,,,,,,,,,,,,,,,,,,,,,,,,,,,,,,,,,,,,,,,,,,,,,,
"Question 1 - This Christmas, how much money do you intend to spend in the following areas when compared to Christmas last year?",,,,,,,,,,,,,,,,,,,,,,,,,,,,,,,,,,,,,,,,,,,,,,,,,,,,,,,,,,,,,,,,,,,,,,,,,,,,,,
Total,1002,,490,512, ,281,276,279,113,53, ,129,225,261,211,176, ,253,384,261,87,17, ,82,269,413,180,57, ,12,105,24,306,57,53,44,93,27,28,267,11,53,18,63,106,56,16,117,38,66, ,268,63,49,45,62,18,106,188,146,46,11, ,474,304,214,216,209,106,308,358,317,186,10, ,184,144,726
,100%,,49%,51%, ,28%,28%,28%,11%,5%, ,13%,22%,26%,21%,18%, ,25%,38%,26%,9%,2%, ,8%,27%,41%,18%,6%, ,1%,7%,2%,20%,4%,3%,3%,6%,2%,2%,17%,1%,3%,1%,4%,7%,4%,1%,8%,2%,4%, ,27%,6%,5%,4%,6%,2%,11%,19%,15%,5%,1%, ,47%,30%,21%,22%,21%,11%,31%,36%,32%,19%,1%, ,18%,14%,72%
"Food & Beverages
 - More ",323,,173,150, ,98,87,87,37,14, ,61,79,82,55,46, ,110,141,57,12,3, ,46,116,111,39,11, ,4,42,10,98,16,16,20,25,6,11,85,3,14,3,32,34,12,5,57,9,0, ,78,19,14,19,23,5,32,71,43,14,5, ,152,93,75,80,91,37,105,130,111,61,3, ,67,50,230
,32%,,35%,29%, ,35%,32%,31%,33%,26%, ,47%,35%,31%,26%,26%, ,43%,37%,22%,14%,18%, ,56%,43%,27%,22%,19%, ,33%,40%,42%,32%,28%,30%,45%,27%,22%,39%,32%,27%,26%,17%,51%,32%,21%,31%,49%,24%,0%, ,29%,30%,29%,42%,37%,28%,30%,38%,29%,30%,45%, ,32%,31%,35%,37%,44%,35%,34%,36%,35%,33%,30%, ,36%,35%,32%
"Food & Beverages
 - Same",488,,248,240, ,141,137,132,53,25, ,50,108,120,111,99, ,109,179,147,45,8, ,26,124,206,105,27, ,5,48,10,156,29,28,14,46,15,11,122,6,24,15,24,50,29,5,46,21,0, ,143,29,25,22,26,10,57,72,78,23,3, ,230,155,100,100,82,54,139,159,143,91,6, ,86,68,360
,49%,,51%,47%, ,50%,50%,47%,47%,47%, ,39%,48%,46%,53%,56%, ,43%,47%,56%,52%,47%, ,32%,46%,50%,58%,47%, ,42%,46%,42%,51%,51%,53%,32%,49%,56%,39%,46%,55%,45%,83%,38%,47%,52%,31%,39%,55%,0%, ,53%,46%,51%,49%,42%,56%,54%,38%,53%,50%,27%, ,49%,51%,47%,46%,39%,51%,45%,44%,45%,49%,60%, ,47%,47%,50%
"Food & Beverages
 - Less",191,,69,122, ,42,52,60,23,14, ,18,38,59,45,31, ,34,64,57,30,6, ,10,29,96,36,19, ,3,15,4,52,12,9,10,22,6,6,60,2,15,0,7,22,15,6,14,8,0, ,47,15,10,4,13,3,17,45,25,9,3, ,92,56,39,36,36,15,64,69,63,34,1, ,31,26,136
,19%,,14%,24%, ,15%,19%,22%,20%,26%, ,14%,17%,23%,21%,18%, ,13%,17%,22%,34%,35%, ,12%,11%,23%,20%,33%, ,25%,14%,17%,17%,21%,17%,23%,24%,22%,21%,22%,18%,28%,0%,11%,21%,27%,38%,12%,21%,0%, ,18%,24%,20%,9%,21%,17%,16%,24%,17%,20%,27%, ,19%,18%,18%,17%,17%,14%,21%,19%,20%,18%,10%, ,17%,18%,19%
"Beauty & Cosmetics
 - More ",167,,85,82, ,37,47,53,23,7, ,42,29,45,31,20, ,75,65,21,5,1, ,33,79,43,9,3, ,2,22,2,53,9,9,8,11,3,5,41,1,8,2,22,14,6,4,33,3,0, ,36,14,9,10,7,3,19,34,25,9,1, ,80,52,40,38,44,28,60,59,60,38,0, ,37,17,122
,17%,,17%,16%, ,13%,17%,19%,20%,13%, ,33%,13%,17%,15%,11%, ,30%,17%,8%,6%,6%, ,40%,29%,10%,5%,5%, ,17%,21%,8%,17%,16%,17%,18%,12%,11%,18%,15%,9%,15%,11%,35%,13%,11%,25%,28%,8%,0%, ,13%,22%,18%,22%,11%,17%,18%,18%,17%,20%,9%, ,17%,17%,19%,18%,21%,26%,19%,16%,19%,20%,0%, ,20%,12%,17%
"Beauty & Cosmetics
 - Same",453,,242,211, ,145,126,108,50,24, ,53,94,121,104,81, ,109,179,130,30,5, ,33,116,195,86,23, ,4,54,10,136,25,25,15,40,13,11,140,5,27,7,23,46,31,7,46,23,0, ,129,26,21,22,27,10,41,76,73,22,6, ,212,141,97,107,90,49,134,154,134,81,6, ,76,71,331
,45%,,49%,41%, ,52%,46%,39%,44%,45%, ,41%,42%,46%,49%,46%, ,43%,47%,50%,34%,29%, ,40%,43%,47%,48%,40%, ,33%,51%,42%,44%,44%,47%,34%,43%,48%,39%,52%,45%,51%,39%,37%,43%,55%,44%,39%,61%,0%, ,48%,41%,43%,49%,44%,56%,39%,40%,50%,48%,55%, ,45%,46%,45%,50%,43%,46%,44%,43%,42%,44%,60%, ,41%,49%,46%
"Beauty & Cosmetics
 - Less",382,,163,219, ,99,103,118,40,22, ,34,102,95,76,75, ,69,140,110,52,11, ,16,74,175,85,31, ,6,29,12,117,23,19,21,42,11,12,86,5,18,9,18,46,19,5,38,12,0, ,103,23,19,13,28,5,46,78,48,15,4, ,182,111,77,71,75,29,114,145,123,67,4, ,71,56,273
,38%,,33%,43%, ,35%,37%,42%,35%,42%, ,26%,45%,36%,36%,43%, ,27%,36%,42%,60%,65%, ,20%,28%,42%,47%,54%, ,50%,28%,50%,38%,40%,36%,48%,45%,41%,43%,32%,45%,34%,50%,29%,43%,34%,31%,32%,32%,0%, ,38%,37%,39%,29%,45%,28%,43%,41%,33%,33%,36%, ,38%,37%,36%,33%,36%,27%,37%,41%,39%,36%,40%, ,39%,39%,38%
"Health & Wellness
 - More ",189,,121,68, ,44,65,50,21,9, ,44,38,52,24,31, ,65,80,34,8,2, ,26,81,56,21,5, ,2,21,4,68,12,10,14,11,5,6,39,2,8,4,19,13,11,6,38,5,0, ,32,18,11,11,8,8,19,40,27,12,3, ,78,50,36,37,49,39,68,82,67,31,1, ,29,16,151
,19%,,25%,13%, ,16%,24%,18%,19%,17%, ,34%,17%,20%,11%,18%, ,26%,21%,13%,9%,12%, ,32%,30%,14%,12%,9%, ,17%,20%,17%,22%,21%,19%,32%,12%,19%,21%,15%,18%,15%,22%,30%,12%,20%,38%,32%,13%,0%, ,12%,29%,22%,24%,13%,44%,18%,21%,18%,26%,27%, ,16%,16%,17%,17%,23%,37%,22%,23%,21%,17%,10%, ,16%,11%,21%
"Health & Wellness
 - Same",540,,265,275, ,173,137,144,59,27, ,57,120,138,126,99, ,129,206,158,40,7, ,43,133,239,97,28, ,5,56,11,163,27,33,20,47,14,15,153,5,29,9,29,59,25,6,56,23,0, ,160,32,25,25,33,6,55,95,85,19,5, ,275,172,123,121,105,46,155,179,167,105,6, ,100,87,390
,54%,,54%,54%, ,62%,50%,52%,52%,51%, ,44%,53%,53%,60%,56%, ,51%,54%,61%,46%,41%, ,52%,49%,58%,54%,49%, ,42%,53%,46%,53%,47%,62%,45%,51%,52%,54%,57%,45%,55%,50%,46%,56%,45%,38%,48%,61%,0%, ,60%,51%,51%,56%,53%,33%,52%,51%,58%,41%,45%, ,58%,57%,57%,56%,50%,43%,50%,50%,53%,56%,60%, ,54%,60%,54%
"Health & Wellness
 - Less",273,,104,169, ,64,74,85,33,17, ,28,67,71,61,46, ,59,98,69,39,8, ,13,55,118,62,24, ,5,28,9,75,18,10,10,35,8,7,75,4,16,5,15,34,20,4,23,10,0, ,76,13,13,9,21,4,32,53,34,15,3, ,121,82,55,58,55,21,85,97,83,50,3, ,55,41,185
,27%,,21%,33%, ,23%,27%,30%,29%,32%, ,22%,30%,27%,29%,26%, ,23%,26%,26%,45%,47%, ,16%,20%,29%,34%,42%, ,42%,27%,38%,25%,32%,19%,23%,38%,30%,25%,28%,36%,30%,28%,24%,32%,36%,25%,20%,26%,0%, ,28%,21%,27%,20%,34%,22%,30%,28%,23%,33%,27%, ,26%,27%,26%,27%,26%,20%,28%,27%,26%,27%,30%, ,30%,28%,25%
"Fashion & Clothing
 - More ",242,,128,114, ,73,58,65,35,11, ,61,56,57,43,25, ,100,100,37,4,1, ,41,104,67,23,7, ,1,26,4,77,13,15,15,20,3,9,68,2,10,1,27,19,11,4,38,8,0, ,53,15,11,16,23,4,28,52,32,6,2, ,118,65,53,62,63,30,86,101,85,62,1, ,61,32,168
,24%,,26%,22%, ,26%,21%,23%,31%,21%, ,47%,25%,22%,20%,14%, ,40%,26%,14%,5%,6%, ,50%,39%,16%,13%,12%, ,8%,25%,17%,25%,23%,28%,34%,22%,11%,32%,25%,18%,19%,6%,43%,18%,20%,25%,32%,21%,0%, ,20%,24%,22%,36%,37%,22%,26%,28%,22%,13%,18%, ,25%,21%,25%,29%,30%,28%,28%,28%,27%,33%,10%, ,33%,22%,23%
"Fashion & Clothing
 - Same",451,,236,215, ,130,123,128,50,20, ,53,93,115,105,85, ,107,167,130,41,6, ,32,107,207,84,21, ,4,50,10,126,27,25,12,45,15,8,123,5,28,12,23,58,25,5,46,18,0, ,121,26,20,20,25,10,52,78,65,27,7, ,212,151,101,95,90,52,126,146,138,72,6, ,71,66,334
,45%,,48%,42%, ,46%,45%,46%,44%,38%, ,41%,41%,44%,50%,48%, ,42%,43%,50%,47%,35%, ,39%,40%,50%,47%,37%, ,33%,48%,42%,41%,47%,47%,27%,48%,56%,29%,46%,45%,53%,67%,37%,55%,45%,31%,39%,47%,0%, ,45%,41%,41%,44%,40%,56%,49%,41%,45%,59%,64%, ,45%,50%,47%,44%,43%,49%,41%,41%,44%,39%,60%, ,39%,46%,46%
"Fashion & Clothing
 - Less",309,,126,183, ,78,95,86,28,22, ,15,76,89,63,66, ,46,117,94,42,10, ,9,58,139,73,29, ,7,29,10,103,17,13,17,28,9,11,76,4,15,5,13,29,20,7,33,12,0, ,94,22,18,9,14,4,26,58,49,13,2, ,144,88,60,59,56,24,96,111,94,52,3, ,52,46,224
,31%,,26%,36%, ,28%,34%,31%,25%,42%, ,12%,34%,34%,30%,38%, ,18%,30%,36%,48%,59%, ,11%,22%,34%,41%,51%, ,58%,28%,42%,34%,30%,25%,39%,30%,33%,39%,28%,36%,28%,28%,21%,27%,36%,44%,28%,32%,0%, ,35%,35%,37%,20%,23%,22%,25%,31%,34%,28%,18%, ,30%,29%,28%,27%,27%,23%,31%,31%,30%,28%,30%, ,28%,32%,31%
"Socialising out of home e.g In Restaurants, bars & cafes - More ",284,,162,122, ,94,80,67,34,9, ,64,64,75,47,34, ,105,127,39,11,2, ,43,111,92,32,6, ,3,35,8,86,15,14,13,30,5,7,69,5,9,3,29,27,11,7,49,9,0, ,68,15,10,16,22,6,25,65,41,13,3, ,130,75,62,63,77,44,90,114,104,54,2, ,62,45,201
,28%,,33%,24%, ,33%,29%,24%,30%,17%, ,50%,28%,29%,22%,19%, ,42%,33%,15%,13%,12%, ,52%,41%,22%,18%,11%, ,25%,33%,33%,28%,26%,26%,30%,32%,19%,25%,26%,45%,17%,17%,46%,25%,20%,44%,42%,24%,0%, ,25%,24%,20%,36%,35%,33%,24%,35%,28%,28%,27%, ,27%,25%,29%,29%,37%,42%,29%,32%,33%,29%,20%, ,34%,31%,28%
"Socialising out of home e.g In Restaurants, bars & cafes - Same",368,,195,173, ,105,101,99,42,21, ,35,86,101,73,73, ,89,131,108,34,6, ,32,95,149,70,22, ,2,40,5,115,20,16,15,27,12,9,107,3,20,10,26,39,23,3,33,13,0, ,102,22,22,20,20,7,41,62,52,15,5, ,175,116,81,81,68,37,110,123,92,66,5, ,57,48,276
,37%,,40%,34%, ,37%,37%,35%,37%,40%, ,27%,38%,39%,35%,41%, ,35%,34%,41%,39%,35%, ,39%,35%,36%,39%,39%, ,17%,38%,21%,38%,35%,30%,34%,29%,44%,32%,40%,27%,38%,56%,41%,37%,41%,19%,28%,34%,0%, ,38%,35%,45%,44%,32%,39%,39%,33%,36%,33%,45%, ,37%,38%,38%,38%,33%,35%,36%,34%,29%,35%,50%, ,31%,33%,38%
"Socialising out of home e.g In Restaurants, bars & cafes - Less",350,,133,217, ,82,95,113,37,23, ,30,75,85,91,69, ,59,126,114,42,9, ,7,63,172,78,29, ,7,30,11,105,22,23,16,36,10,12,91,3,24,5,8,40,22,6,35,16,0, ,98,26,17,9,20,5,40,61,53,18,3, ,169,113,71,72,64,25,108,121,121,66,3, ,65,51,249
,35%,,27%,42%, ,29%,34%,41%,33%,43%, ,23%,33%,33%,43%,39%, ,23%,33%,44%,48%,53%, ,9%,23%,42%,43%,51%, ,58%,29%,46%,34%,39%,43%,36%,39%,37%,43%,34%,27%,45%,28%,13%,38%,39%,38%,30%,42%,0%, ,37%,41%,35%,20%,32%,28%,38%,32%,36%,39%,27%, ,36%,37%,33%,33%,31%,24%,35%,34%,38%,35%,30%, ,35%,35%,34%
,,,,,,,,,,,,,,,,,,,,,,,,,,,,,,,,,,,,,,,,,,,,,,,,,,,,,,,,,,,,,,,,,,,,,,,,,,,,,,
"Question 2 - How frequently do you typically buy something that you didn’t plan to buy, when shopping in a supermarket, grocery store or off licence at Christmas time?",,,,,,,,,,,,,,,,,,,,,,,,,,,,,,,,,,,,,,,,,,,,,,,,,,,,,,,,,,,,,,,,,,,,,,,,,,,,,,
Total,1002,,490,512, ,281,276,279,113,53, ,129,225,261,211,176, ,253,384,261,87,17, ,82,269,413,180,57, ,12,105,24,306,57,53,44,93,27,28,267,11,53,18,63,106,56,16,117,38,66, ,268,63,49,45,62,18,106,188,146,46,11, ,474,304,214,216,209,106,308,358,317,186,10, ,184,144,726
,100%,,49%,51%, ,28%,28%,28%,11%,5%, ,13%,22%,26%,21%,18%, ,25%,38%,26%,9%,2%, ,8%,27%,41%,18%,6%, ,1%,7%,2%,20%,4%,3%,3%,6%,2%,2%,17%,1%,3%,1%,4%,7%,4%,1%,8%,2%,4%, ,27%,6%,5%,4%,6%,2%,11%,19%,15%,5%,1%, ,47%,30%,21%,22%,21%,11%,31%,36%,32%,19%,1%, ,18%,14%,72%
Always,253,,102,151, ,63,78,65,32,15, ,36,59,68,54,36, ,0,0,0,0,0, ,51,106,67,23,6, ,5,37,4,86,13,13,8,19,4,5,75,4,14,3,20,19,13,4,33,9,0, ,67,7,13,10,18,7,28,44,44,12,3, ,121,84,63,64,60,36,93,105,80,56,1, ,59,43,166
,25%,,21%,29%, ,22%,28%,23%,28%,28%, ,28%,26%,26%,26%,20%, ,0%,0%,0%,0%,0%, ,62%,39%,16%,13%,11%, ,42%,35%,17%,28%,23%,25%,18%,20%,15%,18%,28%,36%,26%,17%,32%,18%,23%,25%,28%,24%,0%, ,25%,11%,27%,22%,29%,39%,26%,23%,30%,26%,27%, ,26%,28%,29%,30%,29%,34%,30%,29%,25%,30%,10%, ,32%,30%,23%
Often,384,,187,197, ,116,99,97,47,25, ,50,87,98,85,64, ,0,0,0,0,0, ,23,121,172,55,12, ,3,36,10,119,22,20,23,43,4,10,108,2,18,6,21,42,21,6,49,16,0, ,97,28,18,16,26,3,50,81,49,16,0, ,181,107,75,78,85,39,126,148,129,76,2, ,73,58,272
,38%,,38%,38%, ,41%,36%,35%,42%,47%, ,39%,39%,38%,40%,36%, ,0%,0%,0%,0%,0%, ,28%,45%,42%,31%,21%, ,25%,34%,42%,39%,39%,38%,52%,46%,15%,36%,40%,18%,34%,33%,33%,40%,38%,38%,42%,42%,0%, ,36%,44%,37%,36%,42%,17%,47%,43%,34%,35%,0%, ,38%,35%,35%,36%,41%,37%,41%,41%,41%,41%,20%, ,40%,40%,37%
Sometimes ,261,,140,121, ,77,75,82,20,7, ,34,57,80,39,51, ,0,0,0,0,0, ,6,36,139,66,14, ,3,25,8,74,18,15,9,26,11,8,61,3,17,9,19,28,16,4,22,9,0, ,72,16,14,13,12,5,21,45,42,14,7, ,130,80,52,52,49,21,69,82,85,37,6, ,43,35,199
,26%,,29%,24%, ,27%,27%,29%,18%,13%, ,26%,25%,31%,18%,29%, ,0%,0%,0%,0%,0%, ,7%,13%,34%,37%,25%, ,25%,24%,33%,24%,32%,28%,20%,28%,41%,29%,23%,27%,32%,50%,30%,26%,29%,25%,19%,24%,0%, ,27%,25%,29%,29%,19%,28%,20%,24%,29%,30%,64%, ,27%,26%,24%,24%,23%,20%,22%,23%,27%,20%,60%, ,23%,24%,27%
Rarely ,87,,51,36, ,19,23,27,12,6, ,6,19,14,30,18, ,0,0,0,0,0, ,2,6,32,32,15, ,1,6,2,25,3,4,3,5,6,3,20,1,4,0,2,12,6,2,13,4,0, ,28,10,4,5,5,2,5,15,10,3,0, ,36,31,24,19,13,7,20,12,20,16,0, ,7,7,75
,9%,,10%,7%, ,7%,8%,10%,11%,11%, ,5%,8%,5%,14%,10%, ,0%,0%,0%,0%,0%, ,2%,2%,8%,18%,26%, ,8%,6%,8%,8%,5%,8%,7%,5%,22%,11%,7%,9%,8%,0%,3%,11%,11%,13%,11%,11%,0%, ,10%,16%,8%,11%,8%,11%,5%,8%,7%,7%,0%, ,8%,10%,11%,9%,6%,7%,6%,3%,6%,9%,0%, ,4%,5%,10%
Never ,17,,10,7, ,6,1,8,2,0, ,3,3,1,3,7, ,0,0,0,0,0, ,0,0,3,4,10, ,0,1,0,2,1,1,1,0,2,2,3,1,0,0,1,5,0,0,0,0,0, ,4,2,0,1,1,1,2,3,1,1,1, ,6,2,0,3,2,3,0,11,3,1,1, ,2,1,14
,2%,,2%,1%, ,2%,0%,3%,2%,0%, ,2%,1%,0%,1%,4%, ,0%,0%,0%,0%,0%, ,0%,0%,1%,2%,18%, ,0%,1%,0%,1%,2%,2%,2%,0%,7%,7%,1%,9%,0%,0%,2%,5%,0%,0%,0%,0%,0%, ,1%,3%,0%,2%,2%,6%,2%,2%,1%,2%,9%, ,1%,1%,0%,1%,1%,3%,0%,3%,1%,1%,10%, ,1%,1%,2%
,,,,,,,,,,,,,,,,,,,,,,,,,,,,,,,,,,,,,,,,,,,,,,,,,,,,,,,,,,,,,,,,,,,,,,,,,,,,,,
"Question 3 - To what extent are the purchase decisions you make at Christmas in a supermarket, grocery store or off licence, impacted by the advertising you see?",,,,,,,,,,,,,,,,,,,,,,,,,,,,,,,,,,,,,,,,,,,,,,,,,,,,,,,,,,,,,,,,,,,,,,,,,,,,,,
Total,1001,,490,512, ,281,276,279,113,53, ,129,225,261,211,176, ,253,384,261,87,17, ,82,269,413,180,57, ,12,105,24,306,57,53,44,93,27,28,267,11,53,18,63,106,56,16,117,38,66, ,268,63,49,45,62,18,106,188,146,46,11, ,474,304,214,216,209,106,308,358,317,186,10, ,184,144,726
,100%,,49%,51%, ,28%,28%,28%,11%,5%, ,13%,22%,26%,21%,18%, ,25%,38%,26%,9%,2%, ,8%,27%,41%,18%,6%, ,1%,7%,2%,20%,4%,3%,3%,6%,2%,2%,17%,1%,3%,1%,4%,7%,4%,1%,8%,2%,4%, ,27%,6%,5%,4%,6%,2%,11%,19%,15%,5%,1%, ,47%,30%,21%,22%,21%,11%,31%,36%,32%,19%,1%, ,18%,14%,72%
Always ,82,,44,38, ,19,24,20,12,7, ,16,18,25,12,11, ,51,23,6,2,0, ,0,0,0,0,0, ,0,14,1,23,2,3,8,2,1,3,17,3,2,1,7,12,4,1,10,2,0, ,14,6,5,1,9,2,7,22,11,5,0, ,36,27,16,20,28,20,39,35,23,19,1, ,18,10,58
,8%,,9%,7%, ,7%,9%,7%,11%,13%, ,12%,8%,10%,6%,6%, ,20%,6%,2%,2%,0%, ,0%,0%,0%,0%,0%, ,0%,13%,4%,8%,4%,6%,18%,2%,4%,11%,6%,27%,4%,6%,11%,11%,7%,6%,9%,5%,0%, ,5%,10%,10%,2%,15%,11%,7%,12%,8%,11%,0%, ,8%,9%,7%,9%,13%,19%,13%,10%,7%,10%,10%, ,10%,7%,8%
Often ,269,,138,131, ,71,84,69,27,18, ,43,66,62,56,42, ,106,121,36,6,0, ,0,0,0,0,0, ,4,35,6,85,13,13,12,32,3,9,65,2,12,2,28,25,12,7,41,10,0, ,55,18,18,17,19,6,35,42,42,17,0, ,138,68,60,54,64,37,101,111,94,65,0, ,57,35,190
,27%,,28%,26%, ,25%,30%,25%,24%,34%, ,33%,29%,24%,27%,24%, ,42%,32%,14%,7%,0%, ,0%,0%,0%,0%,0%, ,33%,33%,25%,28%,23%,25%,27%,34%,11%,32%,24%,18%,23%,11%,44%,24%,21%,44%,35%,26%,0%, ,21%,29%,37%,38%,31%,33%,33%,22%,29%,37%,0%, ,29%,22%,28%,25%,31%,35%,33%,31%,30%,35%,0%, ,31%,24%,26%
Sometimes ,413,,185,228, ,132,96,117,50,18, ,43,95,103,93,79, ,67,172,139,32,3, ,0,0,0,0,0, ,4,32,13,133,27,24,17,37,7,12,126,6,26,12,21,42,26,7,38,17,0, ,125,28,13,13,23,8,44,83,53,20,3, ,218,144,87,92,89,34,124,137,137,78,3, ,69,74,296
,41%,,38%,45%, ,47%,35%,42%,44%,34%, ,33%,42%,39%,44%,45%, ,26%,45%,53%,37%,18%, ,0%,0%,0%,0%,0%, ,33%,30%,54%,43%,47%,45%,39%,40%,26%,43%,47%,55%,49%,67%,33%,40%,46%,44%,32%,45%,0%, ,47%,44%,27%,29%,37%,44%,42%,44%,36%,43%,27%, ,46%,48%,41%,43%,43%,32%,40%,38%,43%,42%,30%, ,38%,52%,41%
Rarely ,180,,86,94, ,40,57,60,15,8, ,22,36,51,38,33, ,23,55,66,32,4, ,0,0,0,0,0, ,3,20,3,52,12,9,6,18,8,1,54,0,12,2,4,16,10,1,21,6,0, ,58,6,8,9,8,1,14,37,31,3,5, ,69,54,38,36,24,13,33,57,50,17,4, ,33,19,136
,18%,,18%,18%, ,14%,21%,22%,13%,15%, ,17%,16%,20%,18%,19%, ,9%,14%,25%,37%,24%, ,0%,0%,0%,0%,0%, ,25%,19%,13%,17%,21%,17%,14%,19%,30%,4%,20%,0%,23%,11%,6%,15%,18%,6%,18%,16%,0%, ,22%,10%,16%,20%,13%,6%,13%,20%,21%,7%,45%, ,15%,18%,18%,17%,11%,12%,11%,16%,16%,9%,40%, ,18%,13%,19%
Never ,57,,37,20, ,18,15,13,9,2, ,5,10,20,12,10, ,6,12,14,15,10, ,0,0,0,0,0, ,1,4,1,13,3,4,1,4,8,3,5,0,1,1,3,11,4,0,7,3,0, ,15,5,5,5,3,1,6,4,9,1,3, ,13,10,13,14,4,2,11,17,12,7,2, ,7,5,46
,6%,,8%,4%, ,6%,5%,5%,8%,4%, ,4%,4%,8%,6%,6%, ,2%,3%,5%,17%,59%, ,0%,0%,0%,0%,0%, ,8%,4%,4%,4%,5%,8%,2%,4%,30%,11%,2%,0%,2%,6%,5%,10%,7%,0%,6%,8%,0%, ,6%,8%,10%,11%,5%,6%,6%,2%,6%,2%,27%, ,3%,3%,6%,6%,2%,2%,4%,5%,4%,4%,20%, ,4%,3%,6%
,,,,,,,,,,,,,,,,,,,,,,,,,,,,,,,,,,,,,,,,,,,,,,,,,,,,,,,,,,,,,,,,,,,,,,,,,,,,,,
"Question 4 - How impactful or not are the following types of advertising campaigns on the purchases you make from a supermarket, grocery store or off licence, at Christmas time?",,,,,,,,,,,,,,,,,,,,,,,,,,,,,,,,,,,,,,,,,,,,,,,,,,,,,,,,,,,,,,,,,,,,,,,,,,,,,,
Total,1002,,490,512, ,281,276,279,113,53, ,129,225,261,211,176, ,253,384,261,87,17, ,82,269,413,180,57, ,12,105,24,306,57,53,44,93,27,28,267,11,53,18,63,106,56,16,117,38,66, ,268,63,49,45,62,18,106,188,146,46,11, ,474,304,214,216,209,106,308,358,317,186,10, ,184,144,726
,100%,,49%,51%, ,28%,28%,28%,11%,5%, ,13%,22%,26%,21%,18%, ,25%,38%,26%,9%,2%, ,8%,27%,41%,18%,6%, ,1%,7%,2%,20%,4%,3%,3%,6%,2%,2%,17%,1%,3%,1%,4%,7%,4%,1%,8%,2%,4%, ,27%,6%,5%,4%,6%,2%,11%,19%,15%,5%,1%, ,47%,30%,21%,22%,21%,11%,31%,36%,32%,19%,1%, ,18%,14%,72%
"Celebrity endorsements
 - Very impactful ",75,,49,26, ,17,20,23,7,8, ,16,14,27,9,9, ,41,25,8,0,1, ,23,40,9,2,1, ,1,11,0,16,3,1,7,6,1,1,9,1,0,0,13,12,3,5,16,2,0, ,11,5,7,6,8,3,10,12,8,5,0, ,34,28,18,19,24,22,31,33,29,25,0, ,12,8,58
,7%,,10%,5%, ,6%,7%,8%,6%,15%, ,12%,6%,10%,4%,5%, ,16%,7%,3%,0%,6%, ,28%,15%,2%,1%,2%, ,8%,10%,0%,5%,5%,2%,16%,6%,4%,4%,3%,9%,0%,0%,21%,11%,5%,31%,14%,5%,0%, ,4%,8%,14%,13%,13%,17%,9%,6%,5%,11%,0%, ,7%,9%,8%,9%,11%,21%,10%,9%,9%,13%,0%, ,7%,6%,8%
"Celebrity endorsements
 - Fairly Impactful",149,,81,68, ,32,42,49,19,7, ,24,35,30,30,30, ,52,65,25,5,2, ,25,78,39,5,2, ,1,17,4,51,7,4,13,9,2,10,34,2,7,1,10,15,5,5,13,7,0, ,33,8,9,5,10,5,17,28,26,8,0, ,75,46,26,26,39,23,61,59,45,29,0, ,28,13,114
,15%,,17%,13%, ,11%,15%,18%,17%,13%, ,19%,16%,11%,14%,17%, ,21%,17%,10%,6%,12%, ,30%,29%,9%,3%,4%, ,8%,16%,17%,17%,12%,8%,30%,10%,7%,36%,13%,18%,13%,6%,16%,14%,9%,31%,11%,18%,0%, ,12%,13%,18%,11%,16%,28%,16%,15%,18%,17%,0%, ,16%,15%,12%,12%,19%,22%,20%,16%,14%,16%,0%, ,15%,9%,16%
"Celebrity endorsements
 - Neither",263,,116,147, ,80,62,76,28,17, ,30,64,64,60,45, ,58,101,82,18,4, ,17,67,133,36,10, ,1,26,5,80,17,16,6,29,5,5,82,3,14,4,16,34,20,3,27,6,0, ,65,15,6,10,23,4,40,51,35,12,2, ,128,73,55,57,64,22,70,109,81,48,3, ,56,41,182
,26%,,24%,29%, ,28%,22%,27%,25%,32%, ,23%,28%,25%,28%,26%, ,23%,26%,31%,21%,24%, ,21%,25%,32%,20%,18%, ,8%,25%,21%,26%,30%,30%,14%,31%,19%,18%,31%,27%,26%,22%,25%,32%,36%,19%,23%,16%,0%, ,24%,24%,12%,22%,37%,22%,38%,27%,24%,26%,18%, ,27%,24%,26%,26%,31%,21%,23%,30%,26%,26%,30%, ,30%,28%,25%
"Celebrity endorsements
 - Not very impactful",252,,103,149, ,83,71,62,28,8, ,42,56,65,51,38, ,53,107,74,15,3, ,10,52,140,45,5, ,6,19,11,84,16,15,9,28,4,4,77,2,12,6,18,19,15,1,29,13,0, ,68,15,13,11,15,3,26,50,36,12,3, ,128,79,49,52,52,26,80,89,88,38,3, ,57,47,168
,25%,,21%,29%, ,30%,26%,22%,25%,15%, ,33%,25%,25%,24%,22%, ,21%,28%,28%,17%,18%, ,12%,19%,34%,25%,9%, ,50%,18%,46%,27%,28%,28%,20%,30%,15%,14%,29%,18%,23%,33%,29%,18%,27%,6%,25%,34%,0%, ,25%,24%,27%,24%,24%,17%,25%,27%,25%,26%,27%, ,27%,26%,23%,24%,25%,25%,26%,25%,28%,20%,30%, ,31%,33%,23%
"Celebrity endorsements
 - Not at all impactful",263,,141,122, ,69,81,69,31,13, ,17,56,75,61,54, ,49,86,72,49,7, ,7,32,92,92,39, ,3,32,4,75,14,17,9,21,15,8,65,3,20,7,6,26,13,2,32,10,0, ,91,20,14,13,6,3,13,47,41,9,6, ,109,78,66,62,30,13,66,68,74,46,4, ,31,35,204
,26%,,29%,24%, ,25%,29%,25%,27%,25%, ,13%,25%,29%,29%,31%, ,19%,22%,28%,56%,41%, ,9%,12%,22%,51%,68%, ,25%,30%,17%,25%,25%,32%,20%,23%,56%,29%,24%,27%,38%,39%,10%,25%,23%,13%,27%,26%,0%, ,34%,32%,29%,29%,10%,17%,12%,25%,28%,20%,55%, ,23%,26%,31%,29%,14%,12%,21%,19%,23%,25%,40%, ,17%,24%,28%
"Health credentials
 - Very impactful ",165,,85,80, ,46,38,48,21,12, ,22,32,55,29,27, ,64,60,31,9,1, ,27,61,51,18,7, ,0,16,4,43,8,7,10,9,5,4,34,1,7,1,15,22,5,4,30,5,0, ,38,11,8,7,13,6,16,30,21,14,1, ,83,57,44,49,44,27,71,68,56,44,2, ,22,23,128
,16%,,17%,16%, ,16%,14%,17%,19%,23%, ,17%,14%,21%,14%,15%, ,25%,16%,12%,10%,6%, ,33%,23%,12%,10%,12%, ,0%,15%,17%,14%,14%,13%,23%,10%,19%,14%,13%,9%,13%,6%,24%,21%,9%,25%,26%,13%,0%, ,14%,17%,16%,16%,21%,33%,15%,16%,14%,30%,9%, ,18%,19%,21%,23%,21%,25%,23%,19%,18%,24%,20%, ,12%,16%,18%
"Health credentials
 - Fairly Impactful",410,,180,230, ,113,121,110,47,19, ,58,85,100,89,78, ,94,171,107,32,6, ,31,117,181,66,15, ,2,39,7,150,21,20,16,38,8,13,120,5,22,9,27,47,22,8,45,15,0, ,98,24,24,24,25,7,46,84,62,14,2, ,206,134,81,97,84,51,120,159,141,80,5, ,80,64,289
,41%,,37%,45%, ,40%,44%,39%,42%,36%, ,45%,38%,38%,42%,44%, ,37%,45%,41%,37%,35%, ,38%,43%,44%,37%,26%, ,17%,37%,29%,49%,37%,38%,36%,41%,30%,46%,45%,45%,42%,50%,43%,44%,39%,50%,38%,39%,0%, ,37%,38%,49%,53%,40%,39%,43%,45%,42%,30%,18%, ,43%,44%,38%,45%,40%,48%,39%,44%,44%,43%,50%, ,43%,44%,40%
"Health credentials
 - Neither",259,,145,114, ,73,76,70,27,13, ,31,67,62,49,50, ,49,95,87,23,5, ,16,56,125,53,9, ,7,26,8,72,16,13,14,21,7,7,67,2,12,6,12,22,16,4,22,11,0, ,80,17,8,7,16,3,31,42,37,14,4, ,121,71,51,38,46,20,77,79,68,42,2, ,44,31,193
,26%,,30%,22%, ,26%,28%,25%,24%,25%, ,24%,30%,24%,23%,28%, ,19%,25%,33%,26%,29%, ,20%,21%,30%,29%,16%, ,58%,25%,33%,24%,28%,25%,32%,23%,26%,25%,25%,18%,23%,33%,19%,21%,29%,25%,19%,29%,0%, ,30%,27%,16%,16%,26%,17%,29%,22%,25%,30%,36%, ,26%,23%,24%,18%,22%,19%,25%,22%,21%,23%,20%, ,24%,22%,27%
"Health credentials
 - Not very impactful",118,,56,62, ,33,28,39,10,8, ,17,30,28,31,12, ,30,47,28,11,2, ,6,23,48,34,7, ,1,16,2,27,8,9,3,20,3,2,39,2,9,1,7,9,9,0,16,6,0, ,31,10,7,4,7,1,10,23,19,4,2, ,52,30,22,21,27,6,29,40,39,14,1, ,30,18,80
,12%,,11%,12%, ,12%,10%,14%,9%,15%, ,13%,13%,11%,15%,7%, ,12%,12%,11%,13%,12%, ,7%,9%,12%,19%,12%, ,8%,15%,8%,9%,14%,17%,7%,22%,11%,7%,15%,18%,17%,6%,11%,8%,16%,0%,14%,16%,0%, ,12%,16%,14%,9%,11%,6%,9%,12%,13%,9%,18%, ,11%,10%,10%,10%,13%,6%,9%,11%,12%,8%,10%, ,16%,13%,11%
"Health credentials
 - Not at all impactful",50,,24,26, ,16,13,12,8,1, ,1,11,16,13,9, ,16,11,8,12,3, ,2,12,8,9,19, ,2,8,3,14,4,4,1,5,4,2,7,1,3,1,2,6,4,0,4,1,0, ,21,1,2,3,1,1,3,9,7,0,2, ,12,12,16,11,8,2,11,12,13,6,0, ,8,8,36
,5%,,5%,5%, ,6%,5%,4%,7%,2%, ,1%,5%,6%,6%,5%, ,6%,3%,3%,14%,18%, ,2%,4%,2%,5%,33%, ,17%,8%,13%,5%,7%,8%,2%,5%,15%,7%,3%,9%,6%,6%,3%,6%,7%,0%,3%,3%,0%, ,8%,2%,4%,7%,2%,6%,3%,5%,5%,0%,18%, ,3%,4%,7%,5%,4%,2%,4%,3%,4%,3%,0%, ,4%,6%,5%
Humour - Very impactful ,176,,91,85, ,48,59,43,18,8, ,22,42,52,28,32, ,77,58,30,9,2, ,31,71,57,14,3, ,2,26,3,51,6,5,10,8,2,6,35,6,4,2,18,19,9,8,29,12,0, ,43,13,8,7,13,3,14,38,31,6,0, ,88,64,41,49,37,24,69,75,62,43,1, ,30,24,130
,18%,,19%,17%, ,17%,21%,15%,16%,15%, ,17%,19%,20%,13%,18%, ,30%,15%,11%,10%,12%, ,38%,26%,14%,8%,5%, ,17%,25%,13%,17%,11%,9%,23%,9%,7%,21%,13%,55%,8%,11%,29%,18%,16%,50%,25%,32%,0%, ,16%,21%,16%,16%,21%,17%,13%,20%,21%,13%,0%, ,19%,21%,19%,23%,18%,23%,22%,21%,20%,23%,10%, ,16%,17%,18%
Humour - Fairly Impactful,373,,195,178, ,103,86,106,52,26, ,58,96,85,80,54, ,94,171,85,21,2, ,31,118,164,51,9, ,4,43,10,126,19,19,14,30,5,7,113,3,22,9,23,37,24,5,50,11,0, ,96,24,17,18,25,7,40,77,53,15,1, ,182,125,77,77,91,48,115,144,119,61,2, ,74,50,266
,37%,,40%,35%, ,37%,31%,38%,46%,49%, ,45%,43%,33%,38%,31%, ,37%,45%,33%,24%,12%, ,38%,44%,40%,28%,16%, ,33%,41%,42%,41%,33%,36%,32%,32%,19%,25%,42%,27%,42%,50%,37%,35%,43%,31%,43%,29%,0%, ,36%,38%,35%,40%,40%,39%,38%,41%,36%,33%,9%, ,38%,41%,36%,36%,44%,45%,37%,40%,38%,33%,20%, ,40%,35%,37%
Humour - Neither,302,,139,163, ,91,87,86,23,15, ,29,58,92,60,63, ,46,115,108,26,7, ,16,57,135,74,20, ,3,25,8,90,17,15,16,35,9,12,83,2,16,4,19,35,12,1,21,8,0, ,90,18,16,14,12,4,40,49,41,17,1, ,154,77,67,65,51,26,78,95,96,54,2, ,52,45,221
,30%,,28%,32%, ,32%,32%,31%,20%,28%, ,22%,26%,35%,28%,36%, ,18%,30%,41%,30%,41%, ,20%,21%,33%,41%,35%, ,25%,24%,33%,29%,30%,28%,36%,38%,33%,43%,31%,18%,30%,22%,30%,33%,21%,6%,18%,21%,0%, ,34%,29%,33%,31%,19%,22%,38%,26%,28%,37%,9%, ,32%,25%,31%,30%,24%,25%,25%,27%,30%,29%,20%, ,28%,31%,30%
Humour - Not very impactful,98,,39,59, ,31,28,27,10,2, ,16,22,21,24,15, ,21,33,27,14,3, ,3,21,42,25,6, ,1,7,2,30,12,8,3,18,3,1,29,0,7,2,3,7,8,2,12,3,0, ,23,5,6,2,9,4,9,16,12,7,5, ,34,23,17,13,22,6,31,35,31,21,3, ,23,20,66
,10%,,8%,12%, ,11%,10%,10%,9%,4%, ,12%,10%,8%,11%,9%, ,8%,9%,10%,16%,18%, ,4%,8%,10%,14%,11%, ,8%,7%,8%,10%,21%,15%,7%,19%,11%,4%,11%,0%,13%,11%,5%,7%,14%,13%,10%,8%,0%, ,9%,8%,12%,4%,15%,22%,8%,9%,8%,15%,45%, ,7%,8%,8%,6%,11%,6%,10%,10%,10%,11%,30%, ,13%,14%,9%
Humour - Not at all impactful,53,,26,27, ,8,16,17,10,2, ,4,7,11,19,12, ,15,7,11,17,3, ,1,2,15,16,19, ,2,4,1,9,3,6,1,2,8,2,7,0,4,1,0,8,3,0,5,4,0, ,16,3,2,4,3,0,3,8,9,1,4, ,16,15,12,12,8,2,15,9,9,7,2, ,5,5,43
,5%,,5%,5%, ,3%,6%,6%,9%,4%, ,3%,3%,4%,9%,7%, ,6%,2%,4%,20%,18%, ,1%,1%,4%,9%,33%, ,17%,4%,4%,3%,5%,11%,2%,2%,30%,7%,3%,0%,8%,6%,0%,8%,5%,0%,4%,11%,0%, ,6%,5%,4%,9%,5%,0%,3%,4%,6%,2%,36%, ,3%,5%,6%,6%,4%,2%,5%,3%,3%,4%,20%, ,3%,3%,6%
Occasion based messages (ideas for how and when I can use the product) - Very impactful ,122,,65,57, ,31,36,36,11,8, ,19,27,37,21,18, ,53,49,18,0,2, ,33,60,26,2,1, ,0,19,1,30,6,7,9,10,1,5,20,3,2,1,15,17,8,6,23,6,0, ,21,12,7,10,8,3,13,23,17,8,0, ,62,40,30,43,35,25,61,57,49,33,0, ,20,18,90
,12%,,13%,11%, ,11%,13%,13%,10%,15%, ,15%,12%,14%,10%,10%, ,21%,13%,7%,0%,12%, ,40%,22%,6%,1%,2%, ,0%,18%,4%,10%,11%,13%,20%,11%,4%,18%,7%,27%,4%,6%,24%,16%,14%,38%,20%,16%,0%, ,8%,19%,14%,22%,13%,17%,12%,12%,12%,17%,0%, ,13%,13%,14%,20%,17%,24%,20%,16%,15%,18%,0%, ,11%,13%,12%
Occasion based messages (ideas for how and when I can use the product) - Fairly Impactful,415,,185,230, ,116,109,107,58,25, ,55,99,104,86,71, ,120,178,95,19,3, ,31,134,187,55,8, ,4,46,13,148,22,24,16,31,7,10,129,2,24,13,23,37,24,6,47,13,0, ,110,24,20,15,28,6,55,78,57,19,3, ,209,136,85,87,97,47,135,159,142,87,2, ,85,60,292
,41%,,38%,45%, ,41%,39%,38%,51%,47%, ,43%,44%,40%,41%,40%, ,47%,46%,36%,22%,18%, ,38%,50%,45%,31%,14%, ,33%,44%,54%,48%,39%,45%,36%,33%,26%,36%,48%,18%,45%,72%,37%,35%,43%,38%,40%,34%,0%, ,41%,38%,41%,33%,45%,33%,52%,41%,39%,41%,27%, ,44%,45%,40%,40%,46%,44%,44%,44%,45%,47%,20%, ,46%,42%,40%
Occasion based messages (ideas for how and when I can use the product) - Neither,293,,153,140, ,94,76,85,21,17, ,36,71,68,61,57, ,54,100,99,33,7, ,11,56,147,61,17, ,6,25,4,87,22,12,12,30,7,10,83,1,15,3,14,34,16,3,25,15,0, ,84,15,12,12,21,5,26,60,38,16,4, ,147,80,57,61,50,25,69,101,81,48,4, ,51,45,214
,29%,,31%,27%, ,33%,28%,30%,19%,32%, ,28%,32%,26%,29%,32%, ,21%,26%,38%,38%,41%, ,13%,21%,36%,34%,30%, ,50%,24%,17%,28%,39%,23%,27%,32%,26%,36%,31%,9%,28%,17%,22%,32%,29%,19%,21%,39%,0%, ,31%,24%,24%,27%,34%,28%,25%,32%,26%,35%,36%, ,31%,26%,27%,28%,24%,24%,22%,28%,26%,26%,40%, ,28%,31%,29%
Occasion based messages (ideas for how and when I can use the product) - Not very impactful,108,,51,57, ,30,30,35,11,2, ,14,19,29,27,19, ,16,40,33,16,3, ,5,16,38,37,12, ,0,10,2,29,4,6,5,16,3,3,25,4,8,0,8,11,4,1,15,2,0, ,32,9,4,4,3,2,7,19,23,3,2, ,39,30,27,16,21,7,28,31,30,12,2, ,21,17,77
,11%,,10%,11%, ,11%,11%,13%,10%,4%, ,11%,8%,11%,13%,11%, ,6%,10%,13%,18%,18%, ,6%,6%,9%,21%,21%, ,0%,10%,8%,9%,7%,11%,11%,17%,11%,11%,9%,36%,15%,0%,13%,10%,7%,6%,13%,5%,0%, ,12%,14%,8%,9%,5%,11%,7%,10%,16%,7%,18%, ,8%,10%,13%,7%,10%,7%,9%,9%,9%,6%,20%, ,11%,12%,11%
Occasion based messages (ideas for how and when I can use the product) - Not at all impactful,64,,36,28, ,10,25,16,12,1, ,5,9,23,16,11, ,10,17,16,19,2, ,2,3,15,25,19, ,2,5,4,12,3,4,2,6,9,0,10,1,4,1,3,7,4,0,7,2,0, ,21,3,6,4,2,2,5,8,11,0,2, ,17,18,15,9,6,2,15,10,15,6,2, ,7,4,53
,6%,,7%,5%, ,4%,9%,6%,11%,2%, ,4%,4%,9%,8%,6%, ,4%,4%,6%,22%,12%, ,2%,1%,4%,14%,33%, ,17%,5%,17%,4%,5%,8%,5%,6%,33%,0%,4%,9%,8%,6%,5%,7%,7%,0%,6%,5%,0%, ,8%,5%,12%,9%,3%,11%,5%,4%,8%,0%,18%, ,4%,6%,7%,4%,3%,2%,5%,3%,5%,3%,20%, ,4%,3%,7%
"Old Fashioned values
 - Very impactful ",144,,78,66, ,37,39,45,15,8, ,15,11,53,34,31, ,65,53,17,7,2, ,27,63,42,9,2, ,2,19,3,46,6,5,7,14,2,4,31,4,7,3,18,13,8,3,27,5,0, ,35,13,10,12,8,4,20,21,15,5,1, ,78,59,35,43,30,20,65,53,58,36,1, ,10,17,120
,14%,,16%,13%, ,13%,14%,16%,13%,15%, ,12%,5%,20%,16%,18%, ,26%,14%,7%,8%,12%, ,33%,23%,10%,5%,4%, ,17%,18%,13%,15%,11%,9%,16%,15%,7%,14%,12%,36%,13%,17%,29%,12%,14%,19%,23%,13%,0%, ,13%,21%,20%,27%,13%,22%,19%,11%,10%,11%,9%, ,16%,19%,16%,20%,14%,19%,21%,15%,18%,19%,10%, ,5%,12%,17%
"Old Fashioned values
 - Fairly Impactful",318,,148,170, ,78,92,94,41,13, ,33,67,84,70,64, ,101,111,84,20,2, ,34,101,137,36,10, ,1,41,6,104,19,18,9,25,4,7,91,3,14,6,15,34,25,5,36,13,0, ,94,20,15,11,17,4,32,61,40,21,3, ,165,109,69,65,64,36,107,117,92,69,3, ,48,44,237
,32%,,30%,33%, ,28%,33%,34%,36%,25%, ,26%,30%,32%,33%,36%, ,40%,29%,32%,23%,12%, ,41%,38%,33%,20%,18%, ,8%,39%,25%,34%,33%,34%,20%,27%,15%,25%,34%,27%,26%,33%,24%,32%,45%,31%,31%,34%,0%, ,35%,32%,31%,24%,27%,22%,30%,32%,27%,46%,27%, ,35%,36%,32%,30%,31%,34%,35%,33%,29%,37%,30%, ,26%,31%,33%
"Old Fashioned values
 - Neither",327,,165,162, ,102,86,87,28,24, ,38,82,81,69,57, ,51,139,100,26,11, ,14,72,151,71,19, ,6,31,8,90,21,16,13,25,8,10,86,4,18,5,21,45,12,7,27,12,0, ,88,22,11,12,23,7,36,55,53,16,4, ,148,86,61,53,64,34,85,117,89,49,5, ,63,50,232
,33%,,34%,32%, ,36%,31%,31%,25%,45%, ,29%,36%,31%,33%,32%, ,20%,36%,38%,30%,65%, ,17%,27%,37%,39%,33%, ,50%,30%,33%,29%,37%,30%,30%,27%,30%,36%,32%,36%,34%,28%,33%,42%,21%,44%,23%,32%,0%, ,33%,35%,22%,27%,37%,39%,34%,29%,36%,35%,36%, ,31%,28%,29%,25%,31%,32%,28%,33%,28%,26%,50%, ,34%,35%,32%
"Old Fashioned values
 - Not very impactful",131,,60,71, ,41,37,32,17,4, ,33,39,23,21,15, ,21,56,41,13,0, ,4,28,56,38,5, ,1,10,4,43,6,8,10,20,3,4,40,0,12,1,8,7,6,1,20,4,0, ,27,6,8,7,11,1,15,36,18,2,0, ,53,31,32,33,40,13,32,50,52,19,0, ,42,19,82
,13%,,12%,14%, ,15%,13%,11%,15%,8%, ,26%,17%,9%,10%,9%, ,8%,15%,16%,15%,0%, ,5%,10%,14%,21%,9%, ,8%,10%,17%,14%,11%,15%,23%,22%,11%,14%,15%,0%,23%,6%,13%,7%,11%,6%,17%,11%,0%, ,10%,10%,16%,16%,18%,6%,14%,19%,12%,4%,0%, ,11%,10%,15%,15%,19%,12%,10%,14%,16%,10%,0%, ,23%,13%,11%
"Old Fashioned values
 - Not at all impactful",82,,39,43, ,23,22,21,12,4, ,10,26,20,17,9, ,15,25,19,21,2, ,3,5,27,26,21, ,2,4,3,23,5,6,5,9,10,3,19,0,2,3,1,7,5,0,7,4,0, ,24,2,5,3,3,2,3,15,20,2,3, ,30,19,17,22,11,3,19,21,26,13,1, ,21,14,55
,8%,,8%,8%, ,8%,8%,8%,11%,8%, ,8%,12%,8%,8%,5%, ,6%,7%,7%,24%,12%, ,4%,2%,7%,14%,37%, ,17%,4%,13%,8%,9%,11%,11%,10%,37%,11%,7%,0%,4%,17%,2%,7%,9%,0%,6%,11%,0%, ,9%,3%,10%,7%,5%,11%,3%,8%,14%,4%,27%, ,6%,6%,8%,10%,5%,3%,6%,6%,8%,7%,10%, ,11%,10%,8%
"Price cuts
 - Very impactful ",545,,243,302, ,137,158,150,68,32, ,70,127,148,114,86, ,167,217,110,44,7, ,45,163,229,84,23, ,5,63,12,170,32,32,26,61,9,18,156,3,26,11,36,46,34,7,68,24,0, ,147,36,22,27,36,9,55,105,71,30,7, ,279,190,141,139,125,56,188,208,207,121,7, ,110,78,389
,54%,,50%,59%, ,49%,57%,54%,60%,60%, ,54%,56%,57%,54%,49%, ,66%,57%,42%,51%,41%, ,55%,61%,55%,47%,40%, ,42%,60%,50%,56%,56%,60%,59%,66%,33%,64%,58%,27%,49%,61%,57%,43%,61%,44%,58%,63%,0%, ,55%,57%,45%,60%,58%,50%,52%,56%,49%,65%,64%, ,59%,63%,66%,64%,60%,53%,61%,58%,65%,65%,70%, ,60%,54%,54%
"Price cuts
 - Fairly Impactful",355,,194,161, ,109,91,102,34,19, ,47,75,85,78,70, ,62,141,115,32,5, ,31,83,144,75,22, ,5,35,8,115,16,18,10,28,9,3,100,6,25,4,22,40,19,7,39,14,0, ,100,20,21,14,21,5,31,64,64,11,4, ,152,99,54,60,64,37,94,121,92,48,3, ,58,51,261
,35%,,40%,31%, ,39%,33%,37%,30%,36%, ,36%,33%,33%,37%,40%, ,25%,37%,44%,37%,29%, ,38%,31%,35%,42%,39%, ,42%,33%,33%,38%,28%,34%,23%,30%,33%,11%,37%,55%,47%,22%,35%,38%,34%,44%,33%,37%,0%, ,37%,32%,43%,31%,34%,28%,29%,34%,44%,24%,36%, ,32%,33%,25%,28%,31%,35%,31%,34%,29%,26%,30%, ,32%,35%,36%
"Price cuts
 - Neither",76,,39,37, ,25,21,22,6,2, ,9,16,23,14,14, ,18,22,28,5,3, ,6,18,29,17,6, ,2,6,3,14,5,1,5,4,7,3,9,1,0,3,3,18,2,1,7,0,0, ,15,6,4,2,4,2,15,14,9,5,0, ,35,12,14,12,18,8,22,20,13,14,0, ,13,10,57
,8%,,8%,7%, ,9%,8%,8%,5%,4%, ,7%,7%,9%,7%,8%, ,7%,6%,11%,6%,18%, ,7%,7%,7%,9%,11%, ,17%,6%,13%,5%,9%,2%,11%,4%,26%,11%,3%,9%,0%,17%,5%,17%,4%,6%,6%,0%,0%, ,6%,10%,8%,4%,6%,11%,14%,7%,6%,11%,0%, ,7%,4%,7%,6%,9%,8%,7%,6%,4%,8%,0%, ,7%,7%,8%
"Price cuts
 - Not very impactful",20,,12,8, ,9,5,3,3,0, ,3,6,4,5,2, ,4,4,7,4,1, ,0,5,9,3,3, ,0,1,0,5,3,1,3,0,1,4,2,1,1,0,2,2,0,1,2,0,0, ,4,0,2,2,1,1,3,5,2,0,0, ,7,2,4,5,1,4,4,7,2,1,0, ,3,4,14
,2%,,2%,2%, ,3%,2%,1%,3%,0%, ,2%,3%,2%,2%,1%, ,2%,1%,3%,5%,6%, ,0%,2%,2%,2%,5%, ,0%,1%,0%,2%,5%,2%,7%,0%,4%,14%,1%,9%,2%,0%,3%,2%,0%,6%,2%,0%,0%, ,1%,0%,4%,4%,2%,6%,3%,3%,1%,0%,0%, ,1%,1%,2%,2%,0%,4%,1%,2%,1%,1%,0%, ,2%,3%,2%
"Price cuts
 - Not at all impactful",6,,2,4, ,1,1,2,2,0, ,0,1,1,0,4, ,2,0,1,2,1, ,0,0,2,1,3, ,0,0,1,2,1,1,0,0,1,0,0,0,1,0,0,0,1,0,1,0,0, ,2,1,0,0,0,1,2,0,0,0,0, ,1,1,1,0,1,1,0,2,3,2,0, ,0,1,5
,1%,,0%,1%, ,0%,0%,1%,2%,0%, ,0%,0%,0%,0%,2%, ,1%,0%,0%,2%,6%, ,0%,0%,0%,1%,5%, ,0%,0%,4%,1%,2%,2%,0%,0%,4%,0%,0%,0%,2%,0%,0%,0%,2%,0%,1%,0%,0%, ,1%,2%,0%,0%,0%,6%,2%,0%,0%,0%,0%, ,0%,0%,0%,0%,0%,1%,0%,1%,1%,1%,0%, ,0%,1%,1%
"Premium / Quality credentials
 - Very impactful ",204,,109,95, ,57,59,54,25,9, ,30,40,67,32,35, ,79,75,38,11,1, ,38,73,71,20,2, ,2,27,7,60,9,11,10,14,2,9,47,5,8,2,20,20,14,4,34,10,0, ,54,15,14,13,13,4,16,36,29,10,0, ,100,71,53,70,42,28,80,83,84,53,1, ,29,27,157
,20%,,22%,19%, ,20%,21%,19%,22%,17%, ,23%,18%,26%,15%,20%, ,31%,20%,15%,13%,6%, ,46%,27%,17%,11%,4%, ,17%,26%,29%,20%,16%,21%,23%,15%,7%,32%,18%,45%,15%,11%,32%,19%,25%,25%,29%,26%,0%, ,20%,24%,29%,29%,21%,22%,15%,19%,20%,22%,0%, ,21%,23%,25%,32%,20%,26%,26%,23%,26%,28%,10%, ,16%,19%,22%
"Premium / Quality credentials
 - Fairly Impactful",451,,214,237, ,122,129,123,52,25, ,51,106,109,96,89, ,119,188,106,32,6, ,29,134,201,70,17, ,5,50,10,160,28,23,18,43,5,9,140,2,21,11,26,48,24,7,51,16,0, ,123,26,20,21,32,8,49,88,58,23,3, ,238,151,96,90,96,55,151,168,151,78,2, ,84,63,330
,45%,,44%,46%, ,43%,47%,44%,46%,47%, ,40%,47%,42%,45%,51%, ,47%,49%,41%,37%,35%, ,35%,50%,49%,39%,30%, ,42%,48%,42%,52%,49%,43%,41%,46%,19%,32%,52%,18%,40%,61%,41%,45%,43%,44%,44%,42%,0%, ,46%,41%,41%,47%,52%,44%,46%,47%,40%,50%,27%, ,50%,50%,45%,42%,46%,52%,49%,47%,48%,42%,20%, ,46%,44%,45%
"Premium / Quality credentials
 - Neither",233,,107,126, ,66,61,62,27,17, ,32,55,54,57,35, ,36,85,85,23,4, ,10,44,108,53,17, ,3,17,3,64,11,11,10,26,9,7,59,3,17,3,7,24,11,4,22,8,0, ,53,16,9,8,15,4,30,42,41,13,2, ,100,59,45,37,45,13,59,77,57,37,4, ,51,36,157
,23%,,22%,25%, ,23%,22%,22%,24%,32%, ,25%,24%,21%,27%,20%, ,14%,22%,33%,26%,24%, ,12%,16%,26%,29%,30%, ,25%,16%,13%,21%,19%,21%,23%,28%,33%,25%,22%,27%,32%,17%,11%,23%,20%,25%,19%,21%,0%, ,20%,25%,18%,18%,24%,22%,28%,22%,28%,28%,18%, ,21%,19%,21%,17%,22%,12%,19%,22%,18%,20%,40%, ,28%,25%,22%
"Premium / Quality credentials
 - Not very impactful",81,,42,39, ,30,19,27,4,1, ,11,19,22,21,8, ,14,27,24,14,2, ,3,13,31,26,8, ,2,8,3,14,7,7,6,7,4,3,16,1,6,2,9,7,6,1,8,3,0, ,30,4,3,1,2,2,6,16,13,0,4, ,26,15,13,15,20,7,14,26,21,13,2, ,16,16,55
,8%,,9%,8%, ,11%,7%,10%,4%,2%, ,9%,8%,8%,10%,5%, ,6%,7%,9%,16%,12%, ,4%,5%,8%,14%,14%, ,17%,8%,13%,5%,12%,13%,14%,8%,15%,11%,6%,9%,11%,11%,14%,7%,11%,6%,7%,8%,0%, ,11%,6%,6%,2%,3%,11%,6%,9%,9%,0%,36%, ,5%,5%,6%,7%,10%,7%,5%,7%,7%,7%,20%, ,9%,11%,8%
"Premium / Quality credentials
 - Not at all impactful",33,,18,15, ,6,8,13,5,1, ,5,5,9,5,9, ,5,9,8,7,4, ,2,5,2,11,13, ,0,3,1,8,2,1,0,3,7,0,5,0,1,0,1,7,1,0,2,1,0, ,8,2,3,2,0,0,5,6,5,0,2, ,10,8,7,4,6,3,4,4,4,5,1, ,4,2,27
,3%,,4%,3%, ,2%,3%,5%,4%,2%, ,4%,2%,3%,2%,5%, ,2%,2%,3%,8%,24%, ,2%,2%,0%,6%,23%, ,0%,3%,4%,3%,4%,2%,0%,3%,26%,0%,2%,0%,2%,0%,2%,7%,2%,0%,2%,3%,0%, ,3%,3%,6%,4%,0%,0%,5%,3%,3%,0%,18%, ,2%,3%,3%,2%,3%,3%,1%,1%,1%,3%,10%, ,2%,1%,4%
"Sustainability
 - Very impactful ",160,,85,75, ,46,42,48,16,8, ,22,32,46,32,28, ,48,67,31,12,2, ,25,60,52,20,3, ,2,18,5,41,8,7,9,10,4,5,34,3,4,3,18,22,7,4,29,6,0, ,36,13,9,9,11,5,14,32,22,9,0, ,77,54,44,51,42,24,60,64,64,46,1, ,26,27,118
,16%,,17%,15%, ,16%,15%,17%,14%,15%, ,17%,14%,18%,15%,16%, ,19%,17%,12%,14%,12%, ,30%,22%,13%,11%,5%, ,17%,17%,21%,13%,14%,13%,20%,11%,15%,18%,13%,27%,8%,17%,29%,21%,13%,25%,25%,16%,0%, ,13%,21%,18%,20%,18%,28%,13%,17%,15%,20%,0%, ,16%,18%,21%,24%,20%,23%,19%,18%,20%,25%,10%, ,14%,19%,16%
"Sustainability
 - Fairly Impactful",381,,180,201, ,99,103,105,48,26, ,46,87,94,85,69, ,100,161,88,29,3, ,29,117,162,59,13, ,2,40,8,126,17,24,18,38,5,13,109,3,20,7,22,36,21,6,38,13,0, ,98,23,21,16,22,4,43,75,57,19,3, ,191,116,71,76,83,41,124,134,123,73,2, ,67,52,279
,38%,,37%,39%, ,35%,37%,38%,42%,49%, ,36%,39%,36%,40%,39%, ,40%,42%,34%,33%,18%, ,35%,43%,39%,33%,23%, ,17%,38%,33%,41%,30%,45%,41%,41%,19%,46%,41%,27%,38%,39%,35%,34%,38%,38%,32%,34%,0%, ,37%,37%,43%,36%,35%,22%,41%,40%,39%,41%,27%, ,40%,38%,33%,35%,40%,39%,40%,37%,39%,39%,20%, ,36%,36%,38%
"Sustainability
 - Neither",287,,123,164, ,92,79,78,24,14, ,38,72,72,57,48, ,64,107,87,20,9, ,16,59,139,52,21, ,6,28,8,89,15,15,10,27,9,7,85,2,20,5,9,26,18,4,28,13,0, ,80,21,10,11,17,5,33,53,41,12,4, ,135,82,63,56,49,26,71,99,85,44,4, ,58,51,195
,29%,,25%,32%, ,33%,29%,28%,21%,26%, ,29%,32%,28%,27%,27%, ,25%,28%,33%,23%,53%, ,20%,22%,34%,29%,37%, ,50%,27%,33%,29%,26%,28%,23%,29%,33%,25%,32%,18%,38%,28%,14%,25%,32%,25%,24%,34%,0%, ,30%,33%,20%,24%,27%,28%,31%,28%,28%,26%,36%, ,28%,27%,29%,26%,23%,25%,23%,28%,27%,24%,40%, ,32%,35%,27%
"Sustainability
 - Not very impactful",108,,63,45, ,27,36,31,11,3, ,16,21,28,21,22, ,21,32,43,12,0, ,7,22,47,26,6, ,0,11,1,38,12,4,4,12,2,2,32,0,6,2,13,10,6,2,15,2,0, ,34,5,6,8,6,2,10,15,16,5,1, ,50,37,27,25,23,13,38,42,33,14,2, ,21,9,82
,11%,,13%,9%, ,10%,13%,11%,10%,6%, ,12%,9%,11%,10%,13%, ,8%,8%,16%,14%,0%, ,9%,8%,11%,14%,11%, ,0%,10%,4%,12%,21%,8%,9%,13%,7%,7%,12%,0%,11%,11%,21%,9%,11%,13%,13%,5%,0%, ,13%,8%,12%,18%,10%,11%,9%,8%,11%,11%,9%, ,11%,12%,13%,12%,11%,12%,12%,12%,10%,8%,20%, ,11%,6%,11%
"Sustainability
 - Not at all impactful",66,,39,27, ,17,16,17,14,2, ,7,13,21,16,9, ,20,17,12,14,3, ,5,11,13,23,14, ,2,8,2,12,5,3,3,6,7,1,7,3,3,1,1,12,4,0,7,4,0, ,20,1,3,1,6,2,6,13,10,1,3, ,21,15,9,8,12,2,15,19,12,9,1, ,12,5,52
,7%,,8%,5%, ,6%,6%,6%,12%,4%, ,5%,6%,8%,8%,5%, ,8%,4%,5%,16%,18%, ,6%,4%,3%,13%,25%, ,17%,8%,8%,4%,9%,6%,7%,6%,26%,4%,3%,27%,6%,6%,2%,11%,7%,0%,6%,11%,0%, ,7%,2%,6%,2%,10%,11%,6%,7%,7%,2%,27%, ,4%,5%,4%,4%,6%,2%,5%,5%,4%,5%,10%, ,7%,3%,7%
"Tells me a story about the brand / product
 - Very impactful ",111,,65,46, ,24,31,39,11,6, ,23,17,32,23,16, ,47,37,20,5,2, ,26,49,31,3,2, ,1,15,1,37,3,2,7,8,4,2,18,2,4,1,13,10,8,5,20,5,0, ,22,10,8,7,8,3,15,19,15,4,0, ,62,44,28,28,33,19,38,47,42,30,0, ,19,10,88
,11%,,13%,9%, ,9%,11%,14%,10%,11%, ,18%,8%,12%,11%,9%, ,19%,10%,8%,6%,12%, ,32%,18%,8%,2%,4%, ,8%,14%,4%,12%,5%,4%,16%,9%,15%,7%,7%,18%,8%,6%,21%,9%,14%,31%,17%,13%,0%, ,8%,16%,16%,16%,13%,17%,14%,10%,10%,9%,0%, ,13%,14%,13%,13%,16%,18%,12%,13%,13%,16%,0%, ,10%,7%,12%
"Tells me a story about the brand / product
 - Fairly Impactful",340,,171,169, ,94,89,90,48,19, ,33,79,88,73,67, ,100,147,74,17,2, ,31,117,155,32,4, ,4,32,8,112,18,18,13,26,3,10,90,7,15,10,22,37,18,7,36,14,0, ,83,22,15,15,22,8,34,77,43,21,0, ,167,108,74,78,80,49,125,128,99,70,2, ,52,48,254
,34%,,35%,33%, ,33%,32%,32%,42%,36%, ,26%,35%,34%,35%,38%, ,40%,38%,28%,20%,12%, ,38%,43%,38%,18%,7%, ,33%,30%,33%,37%,32%,34%,30%,28%,11%,36%,34%,64%,28%,56%,35%,35%,32%,44%,31%,37%,0%, ,31%,35%,31%,33%,35%,44%,32%,41%,29%,46%,0%, ,35%,36%,35%,36%,38%,46%,41%,36%,31%,38%,20%, ,28%,33%,35%
"Tells me a story about the brand / product
 - Neither",315,,138,177, ,101,85,86,26,17, ,37,70,88,54,66, ,63,113,104,29,6, ,14,63,155,64,19, ,3,36,6,92,21,20,14,32,8,11,94,1,13,4,17,38,16,3,29,12,0, ,92,18,12,12,20,3,32,58,51,14,3, ,162,89,63,67,53,25,86,107,103,60,4, ,63,54,219
,31%,,28%,35%, ,36%,31%,31%,23%,32%, ,29%,31%,34%,26%,38%, ,25%,29%,40%,33%,35%, ,17%,23%,38%,36%,33%, ,25%,34%,25%,30%,37%,38%,32%,34%,30%,39%,35%,9%,25%,22%,27%,36%,29%,19%,25%,32%,0%, ,34%,29%,24%,27%,32%,17%,30%,31%,35%,30%,27%, ,34%,29%,29%,31%,25%,24%,28%,30%,32%,32%,40%, ,34%,38%,30%
"Tells me a story about the brand / product
 - Not very impactful",145,,66,79, ,42,41,40,13,9, ,22,40,33,33,17, ,24,59,44,14,4, ,8,31,48,47,11, ,2,11,4,42,9,9,4,19,2,4,43,1,16,2,7,14,9,1,20,2,0, ,40,10,7,4,8,2,18,21,25,7,3, ,57,41,26,30,28,11,41,54,49,17,2, ,35,21,95
,14%,,13%,15%, ,15%,15%,14%,12%,17%, ,17%,18%,13%,16%,10%, ,9%,15%,17%,16%,24%, ,10%,12%,12%,26%,19%, ,17%,10%,17%,14%,16%,17%,9%,20%,7%,14%,16%,9%,30%,11%,11%,13%,16%,6%,17%,5%,0%, ,15%,16%,14%,9%,13%,11%,17%,11%,17%,15%,27%, ,12%,13%,12%,14%,13%,10%,13%,15%,15%,9%,20%, ,19%,15%,13%
"Tells me a story about the brand / product
 - Not at all impactful",91,,50,41, ,20,30,24,15,2, ,14,19,20,28,10, ,19,28,19,22,3, ,3,9,24,34,21, ,2,11,5,23,6,4,6,8,10,1,22,0,5,1,4,7,5,0,12,5,0, ,31,3,7,7,4,2,7,13,12,0,5, ,26,22,23,13,15,2,18,22,24,9,2, ,15,11,70
,9%,,10%,8%, ,7%,11%,9%,13%,4%, ,11%,8%,8%,13%,6%, ,8%,7%,7%,25%,18%, ,4%,3%,6%,19%,37%, ,17%,10%,21%,8%,11%,8%,14%,9%,37%,4%,8%,0%,9%,6%,6%,7%,9%,0%,10%,13%,0%, ,12%,5%,14%,16%,6%,11%,7%,7%,8%,0%,45%, ,5%,7%,11%,6%,7%,2%,6%,6%,8%,5%,20%, ,8%,8%,10%
"Unique claims / brand attributes
 - Very impactful ",119,,65,54, ,28,39,38,10,4, ,19,21,41,18,20, ,51,48,17,2,1, ,27,55,30,6,1, ,0,16,2,34,5,7,8,9,2,5,21,3,2,2,12,16,8,3,26,6,0, ,21,10,9,4,7,4,13,28,15,8,0, ,51,40,29,32,26,25,51,52,44,32,0, ,17,12,96
,12%,,13%,11%, ,10%,14%,14%,9%,8%, ,15%,9%,16%,9%,11%, ,20%,13%,7%,2%,6%, ,33%,20%,7%,3%,2%, ,0%,15%,8%,11%,9%,13%,18%,10%,7%,18%,8%,27%,4%,11%,19%,15%,14%,19%,22%,16%,0%, ,8%,16%,18%,9%,11%,22%,12%,15%,10%,17%,0%, ,11%,13%,14%,15%,12%,24%,17%,15%,14%,17%,0%, ,9%,8%,13%
"Unique claims / brand attributes
 - Fairly Impactful",344,,181,163, ,96,95,83,47,23, ,51,77,93,69,54, ,108,134,76,20,6, ,30,131,143,33,7, ,7,40,6,118,14,15,13,31,6,9,98,2,23,5,31,33,14,8,41,13,0, ,84,22,18,21,22,6,38,73,45,14,1, ,189,115,74,80,86,50,119,141,132,75,2, ,58,47,253
,34%,,37%,32%, ,34%,34%,30%,42%,43%, ,40%,34%,36%,33%,31%, ,43%,35%,29%,23%,35%, ,37%,49%,35%,18%,12%, ,58%,38%,25%,39%,25%,28%,30%,33%,22%,32%,37%,18%,43%,28%,49%,31%,25%,50%,35%,34%,0%, ,31%,35%,37%,47%,35%,33%,36%,39%,31%,30%,9%, ,40%,38%,35%,37%,41%,47%,39%,39%,42%,40%,20%, ,32%,33%,35%
"Unique claims / brand attributes
 - Neither",338,,148,190, ,103,84,99,34,18, ,33,83,75,78,69, ,54,132,117,30,5, ,15,56,166,79,21, ,4,29,11,101,24,18,12,31,6,6,93,4,16,8,12,34,20,4,29,12,0, ,95,21,12,12,22,6,38,57,51,20,4, ,162,100,66,72,65,19,96,111,97,54,4, ,67,57,234
,34%,,30%,37%, ,37%,30%,35%,30%,34%, ,26%,37%,29%,37%,39%, ,21%,34%,45%,34%,29%, ,18%,21%,40%,44%,37%, ,33%,28%,46%,33%,42%,34%,27%,33%,22%,21%,35%,36%,30%,44%,19%,32%,36%,25%,25%,32%,0%, ,35%,33%,24%,27%,35%,33%,36%,30%,35%,43%,36%, ,34%,33%,31%,33%,31%,18%,31%,31%,31%,29%,40%, ,36%,40%,32%
"Unique claims / brand attributes
 - Not very impactful",136,,61,75, ,40,42,40,11,3, ,23,29,33,30,21, ,23,54,37,19,3, ,6,22,56,43,9, ,1,12,3,38,8,9,7,18,6,6,40,1,9,2,7,12,11,1,17,4,0, ,39,7,9,3,8,0,13,26,25,4,2, ,53,32,24,21,25,12,30,46,32,18,2, ,31,21,93
,14%,,12%,15%, ,14%,15%,14%,10%,6%, ,18%,13%,13%,14%,12%, ,9%,14%,14%,22%,18%, ,7%,8%,14%,24%,16%, ,8%,11%,13%,12%,14%,17%,16%,19%,22%,21%,15%,9%,17%,11%,11%,11%,20%,6%,15%,11%,0%, ,15%,11%,18%,7%,13%,0%,12%,14%,17%,9%,18%, ,11%,11%,11%,10%,12%,11%,10%,13%,10%,10%,20%, ,17%,15%,13%
"Unique claims / brand attributes
 - Not at all impactful",65,,35,30, ,14,16,19,11,5, ,3,15,19,16,12, ,17,16,14,16,2, ,4,5,18,19,19, ,0,8,2,15,6,4,4,4,7,2,15,1,3,1,1,11,3,0,4,3,0, ,29,3,1,5,3,2,4,4,10,0,4, ,19,17,21,11,7,0,12,8,12,7,2, ,11,7,50
,6%,,7%,6%, ,5%,6%,7%,10%,9%, ,2%,7%,7%,8%,7%, ,7%,4%,5%,18%,12%, ,5%,2%,4%,11%,33%, ,0%,8%,8%,5%,11%,8%,9%,4%,26%,7%,6%,9%,6%,6%,2%,10%,5%,0%,3%,8%,0%, ,11%,5%,2%,11%,5%,11%,4%,2%,7%,0%,36%, ,4%,6%,10%,5%,3%,0%,4%,2%,4%,4%,20%, ,6%,5%,7%
"Value deals / offers eg 2 for 1 offers
 - Very impactful ",470,,199,271, ,131,121,140,53,25, ,60,110,125,92,83, ,157,184,94,29,6, ,48,146,196,66,14, ,4,46,14,153,28,29,19,55,6,13,138,4,25,8,32,39,26,6,60,20,0, ,123,31,23,22,33,7,49,93,64,21,4, ,252,166,114,134,101,54,163,174,185,105,6, ,93,80,325
,47%,,41%,53%, ,47%,44%,50%,47%,47%, ,47%,49%,48%,44%,47%, ,62%,48%,36%,33%,35%, ,59%,54%,47%,37%,25%, ,33%,44%,58%,50%,49%,55%,43%,59%,22%,46%,52%,36%,47%,44%,51%,37%,46%,38%,51%,53%,0%, ,46%,49%,47%,49%,53%,39%,46%,49%,44%,46%,36%, ,53%,55%,53%,62%,48%,51%,53%,49%,58%,56%,60%, ,51%,56%,45%
"Value deals / offers eg 2 for 1 offers
 - Fairly Impactful",415,,222,193, ,117,118,110,48,22, ,55,95,107,91,67, ,75,168,129,38,5, ,21,97,174,94,28, ,6,49,9,129,24,21,16,32,11,8,111,4,26,10,21,46,23,6,45,14,0, ,111,22,21,18,23,7,41,77,69,19,7, ,181,106,75,62,90,38,116,152,107,62,4, ,76,51,311
,41%,,45%,38%, ,42%,43%,39%,42%,42%, ,43%,42%,41%,43%,38%, ,30%,44%,49%,44%,29%, ,26%,36%,42%,52%,49%, ,50%,47%,38%,42%,42%,40%,36%,34%,41%,29%,42%,36%,49%,56%,33%,43%,41%,38%,38%,37%,0%, ,41%,35%,43%,40%,37%,39%,39%,41%,47%,41%,64%, ,38%,35%,35%,29%,43%,36%,38%,42%,34%,33%,40%, ,41%,35%,43%
"Value deals / offers eg 2 for 1 offers
 - Neither",84,,51,33, ,24,27,21,6,6, ,11,16,25,19,13, ,15,24,29,12,4, ,11,20,31,15,7, ,0,7,0,19,3,1,6,6,8,3,15,2,1,0,7,16,2,4,9,2,0, ,22,8,4,2,5,3,11,14,10,5,0, ,35,23,18,15,12,13,20,25,16,16,0, ,12,8,65
,8%,,10%,6%, ,9%,10%,8%,5%,11%, ,9%,7%,10%,9%,7%, ,6%,6%,11%,14%,24%, ,13%,7%,8%,8%,12%, ,0%,7%,0%,6%,5%,2%,14%,6%,30%,11%,6%,18%,2%,0%,11%,15%,4%,25%,8%,5%,0%, ,8%,13%,8%,4%,8%,17%,10%,7%,7%,11%,0%, ,7%,8%,8%,7%,6%,12%,6%,7%,5%,9%,0%, ,7%,6%,9%
"Value deals / offers eg 2 for 1 offers
 - Not very impactful",27,,16,11, ,9,9,6,3,0, ,3,4,4,7,9, ,5,8,9,4,1, ,2,5,12,5,3, ,2,3,1,3,2,2,3,0,0,4,3,1,1,0,3,4,3,0,3,1,0, ,10,1,1,3,1,1,4,3,2,1,0, ,5,7,6,5,6,1,8,6,9,2,0, ,3,5,19
,3%,,3%,2%, ,3%,3%,2%,3%,0%, ,2%,2%,2%,3%,5%, ,2%,2%,3%,5%,6%, ,2%,2%,3%,3%,5%, ,17%,3%,4%,1%,4%,4%,7%,0%,0%,14%,1%,9%,2%,0%,5%,4%,5%,0%,3%,3%,0%, ,4%,2%,2%,7%,2%,6%,4%,2%,1%,2%,0%, ,1%,2%,3%,2%,3%,1%,3%,2%,3%,1%,0%, ,2%,3%,3%
"Value deals / offers eg 2 for 1 offers
 - Not at all impactful",6,,2,4, ,0,1,2,3,0, ,0,0,0,2,4, ,1,0,0,4,1, ,0,1,0,0,5, ,0,0,0,2,0,0,0,0,2,0,0,0,0,0,0,1,2,0,0,1,0, ,2,1,0,0,0,0,1,1,1,0,0, ,1,2,1,0,0,0,1,1,0,1,0, ,0,0,6
,1%,,0%,1%, ,0%,0%,1%,3%,0%, ,0%,0%,0%,1%,2%, ,0%,0%,0%,5%,6%, ,0%,0%,0%,0%,9%, ,0%,0%,0%,1%,0%,0%,0%,0%,7%,0%,0%,0%,0%,0%,0%,1%,4%,0%,0%,3%,0%, ,1%,2%,0%,0%,0%,0%,1%,1%,1%,0%,0%, ,0%,1%,0%,0%,0%,0%,0%,0%,0%,1%,0%, ,0%,0%,1%
,,,,,,,,,,,,,,,,,,,,,,,,,,,,,,,,,,,,,,,,,,,,,,,,,,,,,,,,,,,,,,,,,,,,,,,,,,,,,,
"Question 5 - Top 3 favourite Brands to buy in a supermarket, grocery store or off licence at Christmas time?",,,,,,,,,,,,,,,,,,,,,,,,,,,,,,,,,,,,,,,,,,,,,,,,,,,,,,,,,,,,,,,,,,,,,,,,,,,,,,
Total,1002,,490,512, ,281,276,279,113,53, ,129,225,261,211,176, ,253,384,261,87,17, ,82,269,413,180,57, ,12,105,24,306,57,53,44,93,27,28,267,11,53,18,63,106,56,16,117,38,66, ,268,63,49,45,62,18,106,188,146,46,11, ,474,304,214,216,209,106,308,358,317,186,10, ,184,144,726
,100%,,49%,51%, ,28%,28%,28%,11%,5%, ,13%,22%,26%,21%,18%, ,25%,38%,26%,9%,2%, ,8%,27%,41%,18%,6%, ,1%,7%,2%,20%,4%,3%,3%,6%,2%,2%,17%,1%,3%,1%,4%,7%,4%,1%,8%,2%,4%, ,27%,6%,5%,4%,6%,2%,11%,19%,15%,5%,1%, ,47%,30%,21%,22%,21%,11%,31%,36%,32%,19%,1%, ,18%,14%,72%
Denny's,12,,9,3, ,4,3,4,0,1, ,1,2,1,5,3, ,5,3,3,1,0, ,0,4,4,3,1, ,0,0,0,0,0,0,0,0,0,0,0,0,0,0,0,0,0,0,0,0,0, ,1,0,3,0,1,0,1,4,1,0,1, ,6,4,4,2,3,0,6,3,4,3,0, ,0,2,10
,1%,,2%,1%, ,1%,1%,1%,0%,2%, ,1%,1%,0%,2%,2%, ,2%,1%,1%,1%,0%, ,0%,1%,1%,2%,2%, ,0%,0%,0%,0%,0%,0%,0%,0%,0%,0%,0%,0%,0%,0%,0%,0%,0%,0%,0%,0%,0%, ,0%,0%,6%,0%,2%,0%,1%,2%,1%,0%,9%, ,1%,1%,2%,1%,1%,0%,2%,1%,1%,2%,0%, ,0%,1%,1%
Jameson,105,,75,30, ,28,30,32,8,7, ,8,24,38,15,20, ,37,36,25,6,1, ,14,35,32,20,4, ,0,0,0,0,0,0,0,0,0,0,0,0,0,0,0,0,0,0,0,0,0, ,27,13,1,3,2,4,9,24,12,5,5, ,51,33,21,27,24,18,35,39,40,19,2, ,11,7,92
,7%,,15%,6%, ,10%,11%,11%,7%,13%, ,6%,11%,15%,7%,11%, ,15%,9%,10%,7%,6%, ,17%,13%,8%,11%,7%, ,0%,0%,0%,0%,0%,0%,0%,0%,0%,0%,0%,0%,0%,0%,0%,0%,0%,0%,0%,0%,0%, ,10%,21%,2%,7%,3%,22%,8%,13%,8%,11%,45%, ,11%,11%,10%,13%,11%,17%,11%,11%,13%,10%,20%, ,6%,5%,13%
M&S,24,,5,19, ,15,8,0,1,0, ,5,4,4,6,5, ,4,10,8,2,0, ,1,6,13,3,1, ,0,0,0,0,0,0,0,0,0,0,0,0,0,0,0,0,0,0,0,0,0, ,7,0,0,1,2,0,0,5,4,3,2, ,11,4,9,5,6,0,6,8,10,7,0, ,8,13,9
,2%,,1%,4%, ,5%,3%,0%,1%,0%, ,4%,2%,2%,3%,3%, ,2%,3%,3%,2%,0%, ,1%,2%,3%,2%,2%, ,0%,0%,0%,0%,0%,0%,0%,0%,0%,0%,0%,0%,0%,0%,0%,0%,0%,0%,0%,0%,0%, ,3%,0%,0%,2%,3%,0%,0%,3%,3%,7%,18%, ,2%,1%,4%,2%,3%,0%,2%,2%,3%,4%,0%, ,4%,9%,1%
Baileys,306,,117,189, ,93,86,84,32,11, ,33,66,72,74,61, ,86,119,74,25,2, ,23,85,133,52,13, ,0,0,0,0,0,0,0,0,0,0,0,0,0,0,0,0,0,0,0,0,0, ,84,17,13,16,15,7,28,69,46,10,1, ,148,91,73,82,55,26,80,121,103,62,0, ,65,63,201
,20%,,24%,37%, ,33%,31%,30%,28%,21%, ,26%,29%,28%,35%,35%, ,34%,31%,28%,29%,12%, ,28%,32%,32%,29%,23%, ,0%,0%,0%,0%,0%,0%,0%,0%,0%,0%,0%,0%,0%,0%,0%,0%,0%,0%,0%,0%,0%, ,31%,27%,27%,36%,24%,39%,26%,37%,32%,22%,9%, ,31%,30%,34%,38%,26%,25%,26%,34%,32%,33%,0%, ,35%,44%,28%
Coca Cola,57,,30,27, ,14,15,20,5,3, ,11,8,21,13,4, ,13,22,18,3,1, ,2,13,27,12,3, ,0,0,0,0,0,0,0,0,0,0,0,0,0,0,0,0,0,0,0,0,0, ,16,0,2,5,8,1,6,8,9,2,0, ,29,14,12,10,13,4,18,22,19,9,1, ,8,7,45
,4%,,6%,5%, ,5%,5%,7%,4%,6%, ,9%,4%,8%,6%,2%, ,5%,6%,7%,3%,6%, ,2%,5%,7%,7%,5%, ,0%,0%,0%,0%,0%,0%,0%,0%,0%,0%,0%,0%,0%,0%,0%,0%,0%,0%,0%,0%,0%, ,6%,0%,4%,11%,13%,6%,6%,4%,6%,4%,0%, ,6%,5%,6%,5%,6%,4%,6%,6%,6%,5%,10%, ,4%,5%,6%
Smirnoff,53,,19,34, ,11,17,17,7,1, ,12,9,13,12,7, ,13,20,15,4,1, ,3,13,24,9,4, ,0,0,0,0,0,0,0,0,0,0,0,0,0,0,0,0,0,0,0,0,0, ,16,2,1,1,5,2,7,8,9,0,2, ,24,18,7,11,17,8,20,17,16,11,0, ,15,8,33
,3%,,4%,7%, ,4%,6%,6%,6%,2%, ,9%,4%,5%,6%,4%, ,5%,5%,6%,5%,6%, ,4%,5%,6%,5%,7%, ,0%,0%,0%,0%,0%,0%,0%,0%,0%,0%,0%,0%,0%,0%,0%,0%,0%,0%,0%,0%,0%, ,6%,3%,2%,2%,8%,11%,7%,4%,6%,0%,18%, ,5%,6%,3%,5%,8%,8%,6%,5%,5%,6%,0%, ,8%,6%,5%
Tesco,44,,23,21, ,17,7,10,7,3, ,10,18,8,3,5, ,8,23,9,3,1, ,8,12,17,6,1, ,0,0,0,0,0,0,0,0,0,0,0,0,0,0,0,0,0,0,0,0,0, ,10,3,4,2,4,0,4,8,7,2,0, ,15,12,6,8,10,4,11,18,12,10,0, ,12,7,28
,3%,,5%,4%, ,6%,3%,4%,6%,6%, ,8%,8%,3%,1%,3%, ,3%,6%,3%,3%,6%, ,10%,4%,4%,3%,2%, ,0%,0%,0%,0%,0%,0%,0%,0%,0%,0%,0%,0%,0%,0%,0%,0%,0%,0%,0%,0%,0%, ,4%,5%,8%,4%,6%,0%,4%,4%,5%,4%,0%, ,3%,4%,3%,4%,5%,4%,4%,5%,4%,5%,0%, ,7%,5%,4%
Tayto,93,,36,57, ,24,19,41,8,1, ,7,17,37,21,11, ,19,43,26,5,0, ,2,32,37,18,4, ,0,0,0,0,0,0,0,0,0,0,0,0,0,0,0,0,0,0,0,0,0, ,23,4,3,3,8,1,7,20,19,3,2, ,50,27,20,18,22,6,24,34,35,14,1, ,16,16,65
,6%,,7%,11%, ,9%,7%,15%,7%,2%, ,5%,8%,14%,10%,6%, ,8%,11%,10%,6%,0%, ,2%,12%,9%,10%,7%, ,0%,0%,0%,0%,0%,0%,0%,0%,0%,0%,0%,0%,0%,0%,0%,0%,0%,0%,0%,0%,0%, ,9%,6%,6%,7%,13%,6%,7%,11%,13%,7%,18%, ,11%,9%,9%,8%,11%,6%,8%,9%,11%,8%,10%, ,9%,11%,9%
None,27,,15,12, ,9,9,3,4,2, ,7,3,8,6,3, ,4,4,11,6,2, ,1,3,7,8,8, ,0,0,0,0,0,0,0,0,0,0,0,0,0,0,0,0,0,0,0,0,0, ,6,1,2,1,0,1,4,3,6,3,0, ,9,4,1,8,5,4,7,7,4,4,0, ,6,4,19
,2%,,3%,2%, ,3%,3%,1%,4%,4%, ,5%,1%,3%,3%,2%, ,2%,1%,4%,7%,12%, ,1%,1%,2%,4%,14%, ,0%,0%,0%,0%,0%,0%,0%,0%,0%,0%,0%,0%,0%,0%,0%,0%,0%,0%,0%,0%,0%, ,2%,2%,4%,2%,0%,6%,4%,2%,4%,7%,0%, ,2%,1%,0%,4%,2%,4%,2%,2%,1%,2%,0%, ,3%,3%,3%
Dunnes Stores,28,,14,14, ,13,6,5,2,2, ,5,12,6,2,3, ,5,10,8,3,2, ,3,9,12,1,3, ,0,0,0,0,0,0,0,0,0,0,0,0,0,0,0,0,0,0,0,0,0, ,6,1,5,3,1,0,2,4,5,1,0, ,14,4,6,6,3,6,8,10,11,5,0, ,6,7,19
,2%,,3%,3%, ,5%,2%,2%,2%,4%, ,4%,5%,2%,1%,2%, ,2%,3%,3%,3%,12%, ,4%,3%,3%,1%,5%, ,0%,0%,0%,0%,0%,0%,0%,0%,0%,0%,0%,0%,0%,0%,0%,0%,0%,0%,0%,0%,0%, ,2%,2%,10%,7%,2%,0%,2%,2%,3%,2%,0%, ,3%,1%,3%,3%,1%,6%,3%,3%,3%,3%,0%, ,3%,5%,3%
Cadbury's,267,,90,177, ,72,68,87,19,21, ,33,64,60,68,42, ,75,108,61,20,3, ,17,65,126,54,5, ,0,0,0,0,0,0,0,0,0,0,0,0,0,0,0,0,0,0,0,0,0, ,73,16,8,9,17,3,25,59,39,16,2, ,134,98,58,61,57,27,88,100,91,42,2, ,63,49,174
,17%,,18%,35%, ,26%,25%,31%,17%,40%, ,26%,28%,23%,32%,24%, ,30%,28%,23%,23%,18%, ,21%,24%,31%,30%,9%, ,0%,0%,0%,0%,0%,0%,0%,0%,0%,0%,0%,0%,0%,0%,0%,0%,0%,0%,0%,0%,0%, ,27%,25%,16%,20%,27%,17%,24%,31%,27%,35%,18%, ,28%,32%,27%,28%,27%,25%,29%,28%,29%,23%,20%, ,34%,34%,24%
Powers,11,,10,1, ,0,4,4,3,0, ,1,0,6,1,3, ,4,2,3,1,1, ,3,2,6,0,0, ,0,0,0,0,0,0,0,0,0,0,0,0,0,0,0,0,0,0,0,0,0, ,2,2,0,1,0,2,0,2,2,0,0, ,4,4,2,5,3,2,3,3,2,3,0, ,0,0,11
,1%,,2%,0%, ,0%,1%,1%,3%,0%, ,1%,0%,2%,0%,2%, ,2%,1%,1%,1%,6%, ,4%,1%,1%,0%,0%, ,0%,0%,0%,0%,0%,0%,0%,0%,0%,0%,0%,0%,0%,0%,0%,0%,0%,0%,0%,0%,0%, ,1%,3%,0%,2%,0%,11%,0%,1%,1%,0%,0%, ,1%,1%,1%,2%,1%,2%,1%,1%,1%,2%,0%, ,0%,0%,2%
Lindt,53,,13,40, ,10,15,16,8,4, ,5,17,13,12,6, ,14,18,17,4,0, ,2,12,26,12,1, ,0,0,0,0,0,0,0,0,0,0,0,0,0,0,0,0,0,0,0,0,0, ,13,4,1,3,5,0,6,7,7,6,1, ,23,16,8,11,9,3,14,23,24,7,0, ,15,7,35
,3%,,3%,8%, ,4%,5%,6%,7%,8%, ,4%,8%,5%,6%,3%, ,6%,5%,7%,5%,0%, ,2%,4%,6%,7%,2%, ,0%,0%,0%,0%,0%,0%,0%,0%,0%,0%,0%,0%,0%,0%,0%,0%,0%,0%,0%,0%,0%, ,5%,6%,2%,7%,8%,0%,6%,4%,5%,13%,9%, ,5%,5%,4%,5%,4%,3%,5%,6%,8%,4%,0%, ,8%,5%,5%
Ballymaloe,18,,6,12, ,3,7,6,1,1, ,1,3,6,4,4, ,3,6,9,0,0, ,1,2,12,2,1, ,0,0,0,0,0,0,0,0,0,0,0,0,0,0,0,0,0,0,0,0,0, ,5,2,3,0,1,0,1,3,0,3,0, ,13,8,5,4,2,1,5,6,7,4,0, ,3,1,14
,1%,,1%,2%, ,1%,3%,2%,1%,2%, ,1%,1%,2%,2%,2%, ,1%,2%,3%,0%,0%, ,1%,1%,3%,1%,2%, ,0%,0%,0%,0%,0%,0%,0%,0%,0%,0%,0%,0%,0%,0%,0%,0%,0%,0%,0%,0%,0%, ,2%,3%,6%,0%,2%,0%,1%,2%,0%,7%,0%, ,3%,3%,2%,2%,1%,1%,2%,2%,2%,2%,0%, ,2%,1%,2%
Heineken,63,,51,12, ,19,18,17,4,5, ,9,12,20,10,12, ,20,21,19,2,1, ,7,28,21,4,3, ,0,0,0,0,0,0,0,0,0,0,0,0,0,0,0,0,0,0,0,0,0, ,19,4,4,6,3,1,10,7,5,4,0, ,33,22,16,17,19,10,28,31,28,13,0, ,3,3,59
,4%,,10%,2%, ,7%,7%,6%,4%,9%, ,7%,5%,8%,5%,7%, ,8%,5%,7%,2%,6%, ,9%,10%,5%,2%,5%, ,0%,0%,0%,0%,0%,0%,0%,0%,0%,0%,0%,0%,0%,0%,0%,0%,0%,0%,0%,0%,0%, ,7%,6%,8%,13%,5%,6%,9%,4%,3%,9%,0%, ,7%,7%,7%,8%,9%,9%,9%,9%,9%,7%,0%, ,2%,2%,8%
Other Brands,106,,56,50, ,28,28,27,17,6, ,12,18,24,22,30, ,19,42,28,12,5, ,12,25,42,16,11, ,0,0,0,0,0,0,0,0,0,0,0,0,0,0,0,0,0,0,0,0,0, ,22,8,8,6,8,1,20,16,12,4,1, ,52,32,21,9,24,12,32,38,16,25,2, ,20,13,77
,7%,,11%,10%, ,10%,10%,10%,15%,11%, ,9%,8%,9%,10%,17%, ,8%,11%,11%,14%,29%, ,15%,9%,10%,9%,19%, ,0%,0%,0%,0%,0%,0%,0%,0%,0%,0%,0%,0%,0%,0%,0%,0%,0%,0%,0%,0%,0%, ,8%,13%,16%,13%,13%,6%,19%,9%,8%,9%,9%, ,11%,11%,10%,4%,11%,11%,10%,11%,5%,13%,20%, ,11%,9%,11%
Roses,56,,19,37, ,11,20,10,11,4, ,3,12,13,17,11, ,13,21,16,6,0, ,4,12,26,10,4, ,0,0,0,0,0,0,0,0,0,0,0,0,0,0,0,0,0,0,0,0,0, ,17,2,0,1,6,0,5,10,13,2,0, ,28,18,14,13,15,2,26,22,21,9,0, ,10,6,40
,4%,,4%,7%, ,4%,7%,4%,10%,8%, ,2%,5%,5%,8%,6%, ,5%,5%,6%,7%,0%, ,5%,4%,6%,6%,7%, ,0%,0%,0%,0%,0%,0%,0%,0%,0%,0%,0%,0%,0%,0%,0%,0%,0%,0%,0%,0%,0%, ,6%,3%,0%,2%,10%,0%,5%,5%,9%,4%,0%, ,6%,6%,7%,6%,7%,2%,8%,6%,7%,5%,0%, ,5%,4%,6%
Absolut,16,,12,4, ,1,6,5,3,1, ,5,1,6,2,2, ,4,6,4,2,0, ,1,7,7,1,0, ,0,0,0,0,0,0,0,0,0,0,0,0,0,0,0,0,0,0,0,0,0, ,1,1,1,2,0,2,3,2,4,0,0, ,9,4,5,4,3,4,7,9,7,2,0, ,1,0,15
,1%,,2%,1%, ,0%,2%,2%,3%,2%, ,4%,0%,2%,1%,1%, ,2%,2%,2%,2%,0%, ,1%,3%,2%,1%,0%, ,0%,0%,0%,0%,0%,0%,0%,0%,0%,0%,0%,0%,0%,0%,0%,0%,0%,0%,0%,0%,0%, ,0%,2%,2%,4%,0%,11%,3%,1%,3%,0%,0%, ,2%,1%,2%,2%,1%,4%,2%,3%,2%,1%,0%, ,1%,0%,2%
Guinness,117,,88,29, ,39,26,39,11,2, ,10,31,34,22,20, ,33,49,22,13,0, ,10,41,38,21,7, ,0,0,0,0,0,0,0,0,0,0,0,0,0,0,0,0,0,0,0,0,0, ,36,14,8,9,3,3,8,19,12,4,1, ,58,49,26,36,17,24,45,50,45,22,1, ,9,12,101
,8%,,18%,6%, ,14%,9%,14%,10%,4%, ,8%,14%,13%,10%,11%, ,13%,13%,8%,15%,0%, ,12%,15%,9%,12%,12%, ,0%,0%,0%,0%,0%,0%,0%,0%,0%,0%,0%,0%,0%,0%,0%,0%,0%,0%,0%,0%,0%, ,13%,22%,16%,20%,5%,17%,8%,10%,8%,9%,9%, ,12%,16%,12%,17%,8%,23%,15%,14%,14%,12%,10%, ,5%,8%,14%
Quality Street,38,,17,21, ,7,16,6,7,2, ,2,4,14,11,7, ,9,16,9,4,0, ,2,10,17,6,3, ,0,0,0,0,0,0,0,0,0,0,0,0,0,0,0,0,0,0,0,0,0, ,17,1,0,3,4,0,6,3,2,2,0, ,20,18,8,13,11,1,12,9,8,7,0, ,5,4,29
,2%,,3%,4%, ,2%,6%,2%,6%,4%, ,2%,2%,5%,5%,4%, ,4%,4%,3%,5%,0%, ,2%,4%,4%,3%,5%, ,0%,0%,0%,0%,0%,0%,0%,0%,0%,0%,0%,0%,0%,0%,0%,0%,0%,0%,0%,0%,0%, ,6%,2%,0%,7%,6%,0%,6%,2%,1%,4%,0%, ,4%,6%,4%,6%,5%,1%,4%,3%,3%,4%,0%, ,3%,3%,4%
No Group,66,,0,0, ,0,0,0,0,0, ,0,0,0,0,0, ,0,0,0,0,0, ,0,0,0,0,0, ,0,0,0,0,0,0,0,0,0,0,0,0,0,0,0,0,0,0,0,0,0, ,0,0,0,0,0,0,0,0,0,0,0, ,0,0,0,0,0,0,0,0,0,0,0, ,0,0,0
,4%,,0%,0%, ,0%,0%,0%,0%,0%, ,0%,0%,0%,0%,0%, ,0%,0%,0%,0%,0%, ,0%,0%,0%,0%,0%, ,0%,0%,0%,0%,0%,0%,0%,0%,0%,0%,0%,0%,0%,0%,0%,0%,0%,0%,0%,0%,0%, ,0%,0%,0%,0%,0%,0%,0%,0%,0%,0%,0%, ,0%,0%,0%,0%,0%,0%,0%,0%,0%,0%,0%, ,0%,0%,0%
,,,,,,,,,,,,,,,,,,,,,,,,,,,,,,,,,,,,,,,,,,,,,,,,,,,,,,,,,,,,,,,,,,,,,,,,,,,,,,
Question 6 - Which of the following types of media is most likely to get your attention when looking for brands to purchase at Christmas time?,,,,,,,,,,,,,,,,,,,,,,,,,,,,,,,,,,,,,,,,,,,,,,,,,,,,,,,,,,,,,,,,,,,,,,,,,,,,,,
Total,1002,,490,512, ,281,276,279,113,53, ,129,225,261,211,176, ,253,384,261,87,17, ,82,269,413,180,57, ,12,105,24,306,57,53,44,93,27,28,267,11,53,18,63,106,56,16,117,38,66, ,268,63,49,45,62,18,106,188,146,46,11, ,474,304,214,216,209,106,308,358,317,186,10, ,184,144,726
,100%,,49%,51%, ,28%,28%,28%,11%,5%, ,13%,22%,26%,21%,18%, ,25%,38%,26%,9%,2%, ,8%,27%,41%,18%,6%, ,1%,7%,2%,20%,4%,3%,3%,6%,2%,2%,17%,1%,3%,1%,4%,7%,4%,1%,8%,2%,4%, ,27%,6%,5%,4%,6%,2%,11%,19%,15%,5%,1%, ,47%,30%,21%,22%,21%,11%,31%,36%,32%,19%,1%, ,18%,14%,72%
TV,268,,141,127, ,64,76,80,34,14, ,19,39,71,64,75, ,67,97,72,28,4, ,14,55,125,58,15, ,1,27,7,84,16,16,10,23,6,6,73,2,13,5,19,22,17,1,36,17,0, ,0,0,0,0,0,0,0,0,0,0,0, ,104,110,72,72,40,18,85,74,78,44,1, ,27,28,216
,27%,,29%,25%, ,23%,28%,29%,30%,26%, ,15%,17%,27%,30%,43%, ,26%,25%,28%,32%,24%, ,17%,20%,30%,32%,26%, ,8%,26%,29%,27%,28%,30%,23%,25%,22%,21%,27%,18%,25%,28%,30%,21%,30%,6%,31%,45%,0%, ,0%,0%,0%,0%,0%,0%,0%,0%,0%,0%,0%, ,22%,36%,34%,33%,19%,17%,28%,21%,25%,24%,10%, ,15%,19%,30%
Radio,63,,39,24, ,22,10,20,11,0, ,1,13,15,15,19, ,7,28,16,10,2, ,6,18,28,6,5, ,0,13,0,17,0,2,3,4,1,1,16,2,4,2,4,8,2,1,14,1,0, ,0,0,0,0,0,0,0,0,0,0,0, ,44,30,18,17,13,7,16,15,20,15,0, ,6,8,50
,6%,,8%,5%, ,8%,4%,7%,10%,0%, ,1%,6%,6%,7%,11%, ,3%,7%,6%,11%,12%, ,7%,7%,7%,3%,9%, ,0%,12%,0%,6%,0%,4%,7%,4%,4%,4%,6%,18%,8%,11%,6%,8%,4%,6%,12%,3%,0%, ,0%,0%,0%,0%,0%,0%,0%,0%,0%,0%,0%, ,9%,10%,8%,8%,6%,7%,5%,4%,6%,8%,0%, ,3%,6%,7%
"Print media eg newspapers, magazines, flyers",49,,26,23, ,13,17,12,4,3, ,10,6,11,11,11, ,13,18,14,4,0, ,5,18,13,8,5, ,3,1,0,13,2,1,4,3,2,5,8,0,1,3,4,8,0,1,8,0,0, ,0,0,0,0,0,0,0,0,0,0,0, ,28,16,19,12,6,2,11,13,16,8,1, ,9,6,38
,5%,,5%,4%, ,5%,6%,4%,4%,6%, ,8%,3%,4%,5%,6%, ,5%,5%,5%,5%,0%, ,6%,7%,3%,4%,9%, ,25%,1%,0%,4%,4%,2%,9%,3%,7%,18%,3%,0%,2%,17%,6%,8%,0%,6%,7%,0%,0%, ,0%,0%,0%,0%,0%,0%,0%,0%,0%,0%,0%, ,6%,5%,9%,6%,3%,2%,4%,4%,5%,4%,10%, ,5%,4%,5%
"Out of Home eg billboards, posters",45,,32,13, ,19,13,9,3,1, ,9,10,10,10,6, ,10,16,13,5,1, ,1,17,13,9,5, ,0,3,1,16,5,1,2,3,1,3,9,1,3,0,6,6,1,2,9,3,0, ,0,0,0,0,0,0,0,0,0,0,0, ,20,16,16,23,6,4,10,16,17,8,1, ,6,6,35
,4%,,7%,3%, ,7%,5%,3%,3%,2%, ,7%,4%,4%,5%,3%, ,4%,4%,5%,6%,6%, ,1%,6%,3%,5%,9%, ,0%,3%,4%,5%,9%,2%,5%,3%,4%,11%,3%,9%,6%,0%,10%,6%,2%,13%,8%,8%,0%, ,0%,0%,0%,0%,0%,0%,0%,0%,0%,0%,0%, ,4%,5%,7%,11%,3%,4%,3%,4%,5%,4%,10%, ,3%,4%,5%
Tiktok,62,,26,36, ,16,13,20,7,6, ,21,19,11,6,5, ,18,26,12,5,1, ,9,19,23,8,3, ,1,2,2,15,8,5,4,8,0,1,17,0,5,1,3,8,6,0,3,4,0, ,0,0,0,0,0,0,0,0,0,0,0, ,29,13,7,10,27,9,21,36,13,9,0, ,26,8,33
,6%,,5%,7%, ,6%,5%,7%,6%,11%, ,16%,8%,4%,3%,3%, ,7%,7%,5%,6%,6%, ,11%,7%,6%,4%,5%, ,8%,2%,8%,5%,14%,9%,9%,9%,0%,4%,6%,0%,9%,6%,5%,8%,11%,0%,3%,11%,0%, ,0%,0%,0%,0%,0%,0%,0%,0%,0%,0%,0%, ,6%,4%,3%,5%,13%,8%,7%,10%,4%,5%,0%, ,14%,6%,5%
Twitter,18,,15,3, ,5,4,5,3,1, ,2,2,7,2,5, ,7,3,5,2,1, ,2,6,8,1,1, ,0,4,0,7,1,2,0,1,1,0,3,2,0,0,1,1,0,2,3,0,0, ,0,0,0,0,0,0,0,0,0,0,0, ,6,6,3,5,5,8,6,7,8,5,0, ,0,0,18
,2%,,3%,1%, ,2%,1%,2%,3%,2%, ,2%,1%,3%,1%,3%, ,3%,1%,2%,2%,6%, ,2%,2%,2%,1%,2%, ,0%,4%,0%,2%,2%,4%,0%,1%,4%,0%,1%,18%,0%,0%,2%,1%,0%,13%,3%,0%,0%, ,0%,0%,0%,0%,0%,0%,0%,0%,0%,0%,0%, ,1%,2%,1%,2%,2%,8%,2%,2%,3%,3%,0%, ,0%,0%,2%
Facebook,106,,47,59, ,26,29,29,17,5, ,5,24,29,31,17, ,28,50,21,5,2, ,7,35,44,14,6, ,1,9,0,28,6,7,4,7,4,2,25,0,6,1,10,20,5,3,8,6,0, ,0,0,0,0,0,0,0,0,0,0,0, ,51,28,14,12,30,15,39,39,30,26,0, ,16,15,80
,11%,,10%,12%, ,9%,11%,10%,15%,9%, ,4%,11%,11%,15%,10%, ,11%,13%,8%,6%,12%, ,9%,13%,11%,8%,11%, ,8%,9%,0%,9%,11%,13%,9%,8%,15%,7%,9%,0%,11%,6%,16%,19%,9%,19%,7%,16%,0%, ,0%,0%,0%,0%,0%,0%,0%,0%,0%,0%,0%, ,11%,9%,7%,6%,14%,14%,13%,11%,9%,14%,0%, ,9%,10%,11%
Instagram,188,,69,119, ,51,54,54,19,10, ,32,61,52,30,13, ,44,81,45,15,3, ,22,42,83,37,4, ,4,24,5,69,8,8,8,20,3,4,59,2,7,3,7,16,10,2,19,3,0, ,0,0,0,0,0,0,0,0,0,0,0, ,93,36,25,36,41,22,61,87,64,33,0, ,50,32,118
,19%,,14%,23%, ,18%,20%,19%,17%,19%, ,25%,27%,20%,14%,7%, ,17%,21%,17%,17%,18%, ,27%,16%,20%,21%,7%, ,33%,23%,21%,23%,14%,15%,18%,22%,11%,14%,22%,18%,13%,17%,11%,15%,18%,13%,16%,8%,0%, ,0%,0%,0%,0%,0%,0%,0%,0%,0%,0%,0%, ,20%,12%,12%,17%,20%,21%,20%,24%,20%,18%,0%, ,27%,22%,16%
General Online advertising,146,,64,82, ,49,40,37,10,10, ,21,40,36,33,16, ,44,49,42,10,1, ,11,42,53,31,9, ,1,12,4,46,9,9,7,19,6,5,39,2,7,0,5,12,13,4,12,2,0, ,0,0,0,0,0,0,0,0,0,0,0, ,73,35,31,24,26,16,38,53,58,17,2, ,37,34,92
,15%,,13%,16%, ,17%,14%,13%,9%,19%, ,16%,18%,14%,16%,9%, ,17%,13%,16%,11%,6%, ,13%,16%,13%,17%,16%, ,8%,11%,17%,15%,16%,17%,16%,20%,22%,18%,15%,18%,13%,0%,8%,11%,23%,25%,10%,5%,0%, ,0%,0%,0%,0%,0%,0%,0%,0%,0%,0%,0%, ,15%,12%,14%,11%,12%,15%,12%,15%,18%,9%,20%, ,20%,24%,13%
Email ,46,,23,23, ,13,17,9,4,3, ,8,7,15,8,8, ,12,16,14,3,1, ,5,17,20,3,1, ,0,5,3,10,2,0,2,3,3,1,16,0,6,3,4,4,2,0,4,2,0, ,0,0,0,0,0,0,0,0,0,0,0, ,25,13,8,5,12,5,20,18,12,21,0, ,5,6,37
,5%,,5%,4%, ,5%,6%,3%,4%,6%, ,6%,3%,6%,4%,5%, ,5%,4%,5%,3%,6%, ,6%,6%,5%,2%,2%, ,0%,5%,13%,3%,4%,0%,5%,3%,11%,4%,6%,0%,11%,17%,6%,4%,4%,0%,3%,5%,0%, ,0%,0%,0%,0%,0%,0%,0%,0%,0%,0%,0%, ,5%,4%,4%,2%,6%,5%,6%,5%,4%,11%,0%, ,3%,4%,5%
Other,11,,8,3, ,3,3,4,1,0, ,1,4,4,1,1, ,3,0,7,0,1, ,0,0,3,5,3, ,1,5,2,1,0,2,0,2,0,0,2,0,1,0,0,1,0,0,1,0,0, ,0,0,0,0,0,0,0,0,0,0,0, ,1,1,1,0,3,0,1,0,1,0,5, ,2,1,9
,1%,,2%,1%, ,1%,1%,1%,1%,0%, ,1%,2%,2%,0%,1%, ,1%,0%,3%,0%,6%, ,0%,0%,1%,3%,5%, ,8%,5%,8%,0%,0%,4%,0%,2%,0%,0%,1%,0%,2%,0%,0%,1%,0%,0%,1%,0%,0%, ,0%,0%,0%,0%,0%,0%,0%,0%,0%,0%,0%, ,0%,0%,0%,0%,1%,0%,0%,0%,0%,0%,50%, ,1%,1%,1%
,,,,,,,,,,,,,,,,,,,,,,,,,,,,,,,,,,,,,,,,,,,,,,,,,,,,,,,,,,,,,,,,,,,,,,,,,,,,,,
Question 7 - And what other types of media are likely to get your attention when looking for brands at Christmas time? Please select all that apply. ,,,,,,,,,,,,,,,,,,,,,,,,,,,,,,,,,,,,,,,,,,,,,,,,,,,,,,,,,,,,,,,,,,,,,,,,,,,,,,
Total,1002,,490,512, ,281,276,279,113,53, ,129,225,261,211,176, ,253,384,261,87,17, ,82,269,413,180,57, ,12,105,24,306,57,53,44,93,27,28,267,11,53,18,63,106,56,16,117,38,66, ,268,63,49,45,62,18,106,188,146,46,11, ,474,304,214,216,209,106,308,358,317,186,10, ,184,144,726
,100%,,49%,51%, ,28%,28%,28%,11%,5%, ,13%,22%,26%,21%,18%, ,25%,38%,26%,9%,2%, ,8%,27%,41%,18%,6%, ,1%,7%,2%,20%,4%,3%,3%,6%,2%,2%,17%,1%,3%,1%,4%,7%,4%,1%,8%,2%,4%, ,27%,6%,5%,4%,6%,2%,11%,19%,15%,5%,1%, ,47%,30%,21%,22%,21%,11%,31%,36%,32%,19%,1%, ,18%,14%,72%
TV,474,,217,257, ,139,119,143,50,23, ,48,88,125,119,94, ,121,181,130,36,6, ,36,138,218,69,13, ,6,51,11,148,29,24,15,50,9,14,134,4,23,13,33,52,28,9,58,20,0, ,104,44,28,20,29,6,51,93,73,25,1, ,0,0,0,0,0,0,0,0,0,0,0, ,78,73,343
,47%,,44%,50%, ,49%,43%,51%,44%,43%, ,37%,39%,48%,56%,53%, ,48%,47%,50%,41%,35%, ,44%,51%,53%,38%,23%, ,50%,49%,46%,48%,51%,45%,34%,54%,33%,50%,50%,36%,43%,72%,52%,49%,50%,56%,50%,53%,0%, ,39%,70%,57%,44%,47%,33%,48%,49%,50%,54%,9%, ,0%,0%,0%,0%,0%,0%,0%,0%,0%,0%,0%, ,42%,51%,47%
Radio,304,,167,137, ,75,76,94,42,17, ,23,46,82,87,66, ,84,107,80,31,2, ,27,68,144,54,10, ,4,33,4,91,14,18,12,27,4,4,98,4,16,8,22,32,18,4,49,18,0, ,110,30,16,16,13,6,28,36,35,13,1, ,0,0,0,0,0,0,0,0,0,0,0, ,32,33,241
,30%,,34%,27%, ,27%,28%,34%,37%,32%, ,18%,20%,31%,41%,38%, ,33%,28%,31%,36%,12%, ,33%,25%,35%,30%,18%, ,33%,31%,17%,30%,25%,34%,27%,29%,15%,14%,37%,36%,30%,44%,35%,30%,32%,25%,42%,47%,0%, ,41%,48%,33%,36%,21%,33%,26%,19%,24%,28%,9%, ,0%,0%,0%,0%,0%,0%,0%,0%,0%,0%,0%, ,17%,23%,33%
"Print media eg newspapers, magazines, flyers",214,,103,111, ,60,58,69,21,6, ,18,46,49,48,53, ,63,75,52,24,0, ,16,60,87,38,13, ,4,21,9,73,12,7,6,20,1,6,58,2,8,5,16,21,14,5,26,8,0, ,72,18,19,16,7,3,14,25,31,8,1, ,0,0,0,0,0,0,0,0,0,0,0, ,35,30,158
,21%,,21%,22%, ,21%,21%,25%,19%,11%, ,14%,20%,19%,23%,30%, ,25%,20%,20%,28%,0%, ,20%,22%,21%,21%,23%, ,33%,20%,38%,24%,21%,13%,14%,22%,4%,21%,22%,18%,15%,28%,25%,20%,25%,31%,22%,21%,0%, ,27%,29%,39%,36%,11%,17%,13%,13%,21%,17%,9%, ,0%,0%,0%,0%,0%,0%,0%,0%,0%,0%,0%, ,19%,21%,22%
"Out of Home eg billboards, posters",216,,112,104, ,78,48,57,22,11, ,23,52,52,46,43, ,64,78,52,19,3, ,20,54,92,36,14, ,2,27,5,82,10,11,8,18,8,6,61,5,11,4,17,9,13,4,36,13,0, ,72,17,12,23,10,5,12,36,24,5,0, ,0,0,0,0,0,0,0,0,0,0,0, ,33,42,152
,22%,,23%,20%, ,28%,17%,20%,19%,21%, ,18%,23%,20%,22%,24%, ,25%,20%,20%,22%,18%, ,24%,20%,22%,20%,25%, ,17%,26%,21%,27%,18%,21%,18%,19%,30%,21%,23%,45%,21%,22%,27%,8%,23%,25%,31%,34%,0%, ,27%,27%,24%,51%,16%,28%,11%,19%,16%,11%,0%, ,0%,0%,0%,0%,0%,0%,0%,0%,0%,0%,0%, ,18%,29%,21%
Tiktok,209,,97,112, ,57,51,64,25,12, ,51,59,45,36,18, ,60,85,49,13,2, ,28,64,89,24,4, ,3,24,6,55,13,17,10,22,5,3,57,3,9,2,19,24,15,3,17,11,0, ,40,13,6,6,27,5,30,41,26,12,3, ,0,0,0,0,0,0,0,0,0,0,0, ,65,29,131
,21%,,20%,22%, ,20%,18%,23%,22%,23%, ,40%,26%,17%,17%,10%, ,24%,22%,19%,15%,12%, ,34%,24%,22%,13%,7%, ,25%,23%,25%,18%,23%,32%,23%,24%,19%,11%,21%,27%,17%,11%,30%,23%,27%,19%,15%,29%,0%, ,15%,21%,12%,13%,44%,28%,28%,22%,18%,26%,27%, ,0%,0%,0%,0%,0%,0%,0%,0%,0%,0%,0%, ,35%,20%,18%
Twitter,106,,77,29, ,25,27,30,16,8, ,14,37,25,21,9, ,36,39,21,7,3, ,20,37,34,13,2, ,0,18,0,26,4,8,4,6,4,6,27,2,3,1,10,12,2,4,24,1,0, ,18,7,2,4,9,8,15,22,16,5,0, ,0,0,0,0,0,0,0,0,0,0,0, ,14,9,88
,11%,,16%,6%, ,9%,10%,11%,14%,15%, ,11%,16%,10%,10%,5%, ,14%,10%,8%,8%,18%, ,24%,14%,8%,7%,4%, ,0%,17%,0%,8%,7%,15%,9%,6%,15%,21%,10%,18%,6%,6%,16%,11%,4%,25%,21%,3%,0%, ,7%,11%,4%,9%,15%,44%,14%,12%,11%,11%,0%, ,0%,0%,0%,0%,0%,0%,0%,0%,0%,0%,0%, ,8%,6%,12%
Facebook,308,,138,170, ,66,96,90,38,18, ,19,73,87,76,53, ,93,126,69,20,0, ,39,101,124,33,11, ,6,35,6,80,18,20,11,24,7,8,88,3,14,5,28,32,26,7,45,12,0, ,85,16,11,10,21,6,39,61,38,20,1, ,0,0,0,0,0,0,0,0,0,0,0, ,45,31,241
,31%,,28%,33%, ,23%,35%,32%,34%,34%, ,15%,32%,33%,36%,30%, ,37%,33%,26%,23%,0%, ,48%,38%,30%,18%,19%, ,50%,33%,25%,26%,32%,38%,25%,26%,26%,29%,33%,27%,26%,28%,44%,30%,46%,44%,38%,32%,0%, ,32%,25%,22%,22%,34%,33%,37%,32%,26%,43%,9%, ,0%,0%,0%,0%,0%,0%,0%,0%,0%,0%,0%, ,24%,22%,33%
Instagram,358,,143,215, ,110,92,92,42,22, ,57,99,101,61,40, ,105,148,82,12,11, ,35,111,137,57,17, ,3,39,8,121,22,17,18,34,7,10,100,3,23,6,31,38,22,9,50,9,0, ,74,15,13,16,36,7,39,87,53,18,0, ,0,0,0,0,0,0,0,0,0,0,0, ,90,61,234
,36%,,29%,42%, ,39%,33%,33%,37%,42%, ,44%,44%,39%,29%,23%, ,42%,39%,31%,14%,65%, ,43%,41%,33%,32%,30%, ,25%,37%,33%,40%,39%,32%,41%,37%,26%,36%,37%,27%,43%,33%,49%,36%,39%,56%,43%,24%,0%, ,28%,24%,27%,36%,58%,39%,37%,46%,36%,39%,0%, ,0%,0%,0%,0%,0%,0%,0%,0%,0%,0%,0%, ,49%,42%,32%
General Online advertising,317,,148,169, ,96,81,95,27,18, ,39,80,84,69,45, ,80,129,85,20,3, ,23,94,137,50,12, ,4,40,10,103,19,16,12,35,4,11,91,2,24,7,28,16,21,7,45,8,0, ,78,20,16,17,13,8,30,64,58,12,1, ,0,0,0,0,0,0,0,0,0,0,0, ,64,52,222
,32%,,30%,33%, ,34%,29%,34%,24%,34%, ,30%,36%,32%,33%,26%, ,32%,34%,33%,23%,18%, ,28%,35%,33%,28%,21%, ,33%,38%,42%,34%,33%,30%,27%,38%,15%,39%,34%,18%,45%,39%,44%,15%,38%,44%,38%,21%,0%, ,29%,32%,33%,38%,21%,44%,28%,34%,40%,26%,9%, ,0%,0%,0%,0%,0%,0%,0%,0%,0%,0%,0%, ,35%,36%,31%
Email ,186,,80,106, ,57,50,43,28,8, ,15,36,58,38,39, ,56,76,37,16,1, ,19,65,78,17,7, ,3,19,7,62,9,11,10,14,4,5,42,3,7,4,13,25,9,2,22,7,0, ,44,15,8,8,9,5,26,33,17,21,0, ,0,0,0,0,0,0,0,0,0,0,0, ,26,32,137
,19%,,16%,21%, ,20%,18%,15%,25%,15%, ,12%,16%,22%,18%,22%, ,22%,20%,14%,18%,6%, ,23%,24%,19%,9%,12%, ,25%,18%,29%,20%,16%,21%,23%,15%,15%,18%,16%,27%,13%,22%,21%,24%,16%,13%,19%,18%,0%, ,16%,24%,16%,18%,15%,28%,25%,18%,12%,46%,0%, ,0%,0%,0%,0%,0%,0%,0%,0%,0%,0%,0%, ,14%,22%,19%
Other,10,,7,3, ,4,3,1,1,1, ,1,3,5,0,1, ,1,2,6,0,1, ,1,0,3,4,2, ,0,2,0,0,1,0,0,1,0,0,2,0,0,0,0,2,0,0,1,0,0, ,1,0,1,1,0,0,0,0,2,0,5, ,0,0,0,0,0,0,0,0,0,0,0, ,1,1,9
,1%,,1%,1%, ,1%,1%,0%,1%,2%, ,1%,1%,2%,0%,1%, ,0%,1%,2%,0%,6%, ,1%,0%,1%,2%,4%, ,0%,2%,0%,0%,2%,0%,0%,1%,0%,0%,1%,0%,0%,0%,0%,2%,0%,0%,1%,0%,0%, ,0%,0%,2%,2%,0%,0%,0%,0%,1%,0%,45%, ,0%,0%,0%,0%,0%,0%,0%,0%,0%,0%,0%, ,1%,1%,1%
,,,,,,,,,,,,,,,,,,,,,,,,,,,,,,,,,,,,,,,,,,,,,,,,,,,,,,,,,,,,,,,,,,,,,,,,,,,,,,
Segments,,,,,,,,,,,,,,,,,,,,,,,,,,,,,,,,,,,,,,,,,,,,,,,,,,,,,,,,,,,,,,,,,,,,,,,,,,,,,,
Total,1002,,490,512, ,281,276,279,113,53, ,129,225,261,211,176, ,253,384,261,87,17, ,82,269,413,180,57, ,12,105,24,306,57,53,44,93,27,28,267,11,53,18,63,106,56,16,117,38,66, ,268,63,49,45,62,18,106,188,146,46,11, ,474,304,214,216,209,106,308,358,317,186,10, ,184,144,726
,100%,,49%,51%, ,28%,28%,28%,11%,5%, ,13%,22%,26%,21%,18%, ,25%,38%,26%,9%,2%, ,8%,27%,41%,18%,6%, ,1%,7%,2%,20%,4%,3%,3%,6%,2%,2%,17%,1%,3%,1%,4%,7%,4%,1%,8%,2%,4%, ,27%,6%,5%,4%,6%,2%,11%,19%,15%,5%,1%, ,47%,30%,21%,22%,21%,11%,31%,36%,32%,19%,1%, ,18%,14%,72%
Females,184,,0,184, ,52,52,52,21,7, ,68,116,0,0,0, ,59,73,43,7,2, ,18,57,69,33,7, ,0,11,8,65,8,15,12,16,6,6,63,0,15,3,3,20,10,1,9,5,0, ,27,6,9,6,26,0,16,50,37,5,2, ,78,32,35,33,65,14,45,90,64,26,1, ,184,52,0
,18%,,0%,36%, ,19%,19%,19%,19%,13%, ,53%,52%,0%,0%,0%, ,23%,19%,16%,8%,12%, ,22%,21%,17%,18%,12%, ,0%,10%,33%,21%,14%,28%,27%,17%,22%,21%,24%,0%,28%,17%,5%,19%,18%,6%,8%,13%,0%, ,10%,10%,18%,13%,42%,0%,15%,27%,25%,11%,18%, ,16%,11%,16%,15%,31%,13%,15%,25%,20%,14%,10%, ,100%,36%,0%
Females Dublin,144,,0,144, ,144,0,0,0,0, ,19,33,37,30,25, ,43,58,35,7,1, ,10,35,74,19,5, ,2,7,13,63,7,8,7,16,4,7,49,0,7,1,3,13,6,0,12,4,0, ,28,8,6,6,8,0,15,32,34,6,1, ,73,33,30,42,29,9,31,61,52,32,1, ,52,144,0
,14%,,0%,28%, ,51%,0%,0%,0%,0%, ,15%,15%,14%,14%,14%, ,17%,15%,13%,8%,6%, ,12%,13%,18%,11%,9%, ,17%,7%,54%,21%,12%,15%,16%,17%,15%,25%,18%,0%,13%,6%,5%,12%,11%,0%,10%,11%,0%, ,10%,13%,12%,13%,13%,0%,14%,17%,23%,13%,9%, ,15%,11%,14%,19%,14%,8%,10%,17%,16%,17%,10%, ,28%,100%,0%
No Segments,726,,490,236, ,137,224,227,92,46, ,61,109,224,181,151, ,166,272,199,75,14, ,58,190,296,136,46, ,10,92,9,201,45,33,28,65,19,19,174,11,35,14,59,77,40,15,101,29,0, ,216,50,38,35,33,18,80,118,92,37,9, ,343,241,158,152,131,88,241,234,222,137,9, ,0,0,726
,72%,,100%,46%, ,49%,81%,81%,81%,87%, ,47%,48%,86%,86%,86%, ,66%,71%,76%,86%,82%, ,71%,71%,72%,76%,81%, ,83%,88%,38%,66%,79%,62%,64%,70%,70%,68%,65%,100%,66%,78%,94%,73%,71%,94%,86%,76%,0%, ,81%,79%,78%,78%,53%,100%,75%,63%,63%,80%,82%, ,72%,79%,74%,70%,63%,83%,78%,65%,70%,74%,90%, ,0%,0%,100%
